slug,title,published_at,category,priority,content_type,source_count,path
20260429-578f3f,"자유의 방패 2026, 3월 9~19일 확정",2026-04-29T12:10:20.598228+00:00,alliance,P2,original,0,articles/2026-04/20260429-578f3f/
20260429-69181f,"방산혁신펀드, K방산 생태계 핵심 축으로",2026-04-29T14:46:51.701294+00:00,industry,P4,original,0,articles/2026-04/20260429-69181f/
20260429-556aa8,"미국, 중앙아시아 핵심광물 경쟁서 뒤처질 위험",2026-04-29T22:45:05.193841+00:00,defense_policy,P3,original,0,articles/2026-04/20260429-556aa8/
20260430-fef9ca,"미 해병대, 남방사령부 배치 대체 플랫폼 검토",2026-04-30T03:14:30.729538+00:00,alliance,P3,original,0,articles/2026-04/20260430-fef9ca/
20260430-2954dc,"우크라이나, 러 에너지 인프라 심층타격 전략 가동",2026-04-30T23:03:32.467246+00:00,operations,P2,original,0,articles/2026-04/20260430-2954dc/
20260503-68cbb4,"국방부, AI 군 도입 400억 투입…4개 분야 20개 과제",2026-05-03T16:17:00.78986+00:00,tech,P3,original,0,articles/2026-05/20260503-68cbb4/
20260503-72e71d,"육군방공학교, 폴란드와 대드론 협력 본격화",2026-05-03T16:17:32.557179+00:00,alliance,P3,original,0,articles/2026-05/20260503-72e71d/
20260503-e24b12,"육군, 드론 개인화기화…50만 드론전사 양성",2026-05-03T16:17:46.963123+00:00,weapons,P2,original,0,articles/2026-05/20260503-e24b12/
20260503-ee33f6,"육군, 드론 전력화 가속화…폴란드와 대드론 협력",2026-05-03T16:34:28.110109+00:00,weapons,P3,original,3,articles/2026-05/20260503-ee33f6/
20260503-04f275,"러 공습 지속 속 美, 독일 5천명 감군 계획에 경고",2026-05-03T16:35:00.556379+00:00,alliance,P2,original,4,articles/2026-05/20260503-04f275/
20260503-d628af,아프리카 라이온 훈련 중 미군 2명 실종,2026-05-03T22:13:52.232298+00:00,operations,P2,original,3,articles/2026-05/20260503-d628af/
20260503-10ffc2,"북한 핵무기 최대 50개 추정, 농축시설 급속 확장",2026-05-03T22:14:19.828395+00:00,threats,P1,original,2,articles/2026-05/20260503-10ffc2/
20260503-b8f59c,"이란, 걸프 6개국에 드론·미사일 대규모 공격",2026-05-03T22:14:33.796469+00:00,geopolitics,P1,original,2,articles/2026-05/20260503-b8f59c/
20260503-2e211a,"북한, ICBM 고체연료 엔진 성능 25% 향상 시험",2026-05-03T22:14:52.128224+00:00,threats,P1,original,2,articles/2026-05/20260503-2e211a/
20260503-2ce4a1,"북한, '화성포-11라' 집속탄두 위력 시험 실시",2026-05-03T22:15:09.232607+00:00,threats,P1,original,2,articles/2026-05/20260503-2ce4a1/
20260503-f8583f,"미 해병대, ARG·MEU 수요 목표치 2배 초과",2026-05-03T22:15:26.333267+00:00,operations,P2,original,2,articles/2026-05/20260503-f8583f/
20260504-62f7cf,"국방부, 민간 AI 기술 군 도입 가속화…4개 분야 400억 원 투입",2026-05-04T04:45:36.549096+00:00,tech,P3,wire,1,articles/2026-05/20260504-62f7cf/
20260504-49818b,"김규하 육군참모총장 ""드론은 이제 개인화기""…전 부대 드론 전력 체계 구축",2026-05-04T04:46:14.390713+00:00,doctrine,P2,wire,1,articles/2026-05/20260504-49818b/
20260504-48f91b,"해군잠수함사령부, 캐나다 초계잠수함 사업 지원 본격화",2026-05-04T04:46:32.240263+00:00,alliance,P3,wire,1,articles/2026-05/20260504-48f91b/
20260504-4aec4c,"우크라이나 Inguar Defence, Inguar-3 기반 장갑 의료후송차량 개발",2026-05-04T04:46:52.627648+00:00,weapons,P3,wire,1,articles/2026-05/20260504-4aec4c/
20260504-02c3ef,"C2 로보틱스, 미국 수출용 첫 '스피어투스' 대형 무인잠수정 취역식 개최",2026-05-04T04:47:13.091014+00:00,weapons,P3,wire,1,articles/2026-05/20260504-02c3ef/
20260504-d6a334,"영국 해군, 무인 광해역 소해 시스템 탑재한 '하이브리드 해군' 운영 시작",2026-05-04T04:47:34.628123+00:00,doctrine,P3,wire,1,articles/2026-05/20260504-d6a334/
20260504-334aa6,아프리카 라이온 훈련 중 미군 2명 실종,2026-05-04T06:34:41.849535+00:00,operations,P2,original,2,articles/2026-05/20260504-334aa6/
20260504-657d56,"국방부, 민간 AI 기술 군 도입 가속화…4개 분야 400억 원 투입",2026-05-04T06:35:09.673211+00:00,tech,P3,wire,1,articles/2026-05/20260504-657d56/
20260504-5ce117,"김규하 육군참모총장 ""드론은 이제 개인화기""…전 부대 드론 전력 체계 구축",2026-05-04T06:35:22.082516+00:00,doctrine,P2,wire,1,articles/2026-05/20260504-5ce117/
20260504-942ecd,"해군잠수함사령부, 캐나다 초계잠수함 사업 지원 본격화",2026-05-04T06:35:41.109459+00:00,alliance,P3,wire,1,articles/2026-05/20260504-942ecd/
20260504-f1d3c2,"공군19전비, 무인기·화생방 위협 대응 전투태세훈련 실시",2026-05-04T06:36:00.209525+00:00,operations,P3,wire,1,articles/2026-05/20260504-f1d3c2/
20260504-7056da,"우크라이나 Inguar Defence, Inguar-3 기반 장갑 의료후송차량 개발",2026-05-04T06:36:19.934565+00:00,weapons,P3,wire,1,articles/2026-05/20260504-7056da/
20260504-a4755d,"C2 로보틱스, 미국 수출 첫 대형 무인 잠수정 '스피어투스' 취역",2026-05-04T06:36:39.871624+00:00,weapons,P3,wire,1,articles/2026-05/20260504-a4755d/
20260504-bf2aa2,"영국 해군, 무인 광해역 소해 시스템 탑재한 라임 베이함 운용 시작",2026-05-04T06:37:00.095564+00:00,operations,P3,wire,1,articles/2026-05/20260504-bf2aa2/
20260504-24ef54,"북한, 당 대회서 중기 경제·국방 계획 추진 궤도 진입",2026-05-04T06:37:22.455843+00:00,threats,P2,wire,1,articles/2026-05/20260504-24ef54/
20260504-1529f8,"우크라이나 군정보, 러시아 참전 북한군 1만4천명 이상 확인",2026-05-04T06:37:40.463978+00:00,operations,P1,wire,1,articles/2026-05/20260504-1529f8/
20260504-2ba251,"미 그린베레, 루손해협서 무인수상함정 해상 타격 훈련 실시",2026-05-04T06:37:59.287795+00:00,operations,P2,wire,1,articles/2026-05/20260504-2ba251/
20260504-e69d32,"미 7보병사단 포병대대, 필리핀 팔라완서 HIMARS 실사격 훈련 실시",2026-05-04T06:38:20.200817+00:00,operations,P3,wire,1,articles/2026-05/20260504-e69d32/
20260504-902486,"미 공군, F-15EX 이글 II 전투기 대량 구매 확대 추진",2026-05-04T06:38:42.507449+00:00,weapons,P2,wire,1,articles/2026-05/20260504-902486/
20260504-f76c8c,"미국 F-22 랩터 스텔스 전투기, 남중국해 인근에서 작전 전개",2026-05-04T06:39:03.174167+00:00,operations,P2,wire,1,articles/2026-05/20260504-f76c8c/
20260504-b12422,"미 육군, 자율형 무인 보급 드론 생산 계약 체결",2026-05-04T09:36:16.411825+00:00,weapons,P3,wire,1,articles/2026-05/20260504-b12422/
20260504-7809c6,"미 공군, F-15EX 이글 II 전투기 대량 구매 추진",2026-05-04T09:39:14.23554+00:00,weapons,P2,wire,1,articles/2026-05/20260504-7809c6/
20260504-98fc02,"미국 F-22 랩터 스텔스 전투기, 남중국해 인근에서 작전 전개",2026-05-04T09:39:33.294347+00:00,operations,P2,wire,1,articles/2026-05/20260504-98fc02/
20260504-086523,"해군잠수함사령부, 캐나다 초계잠수함 사업 지원 협력 본격화",2026-05-04T12:35:34.823338+00:00,alliance,P3,wire,1,articles/2026-05/20260504-086523/
20260504-7f5ac3,"미군, 34km 거리에서 드론 조종자 탐지하는 신형 차량 키트 운용",2026-05-04T12:36:13.857613+00:00,weapons,P3,wire,1,articles/2026-05/20260504-7f5ac3/
20260504-0df698,"네덜란드 스타트업, 유럽 군부대 대상 드론 마켓플레이스 'BASE' 구축",2026-05-04T12:36:34.807149+00:00,industry,P3,wire,1,articles/2026-05/20260504-0df698/
20260504-d329a7,"트럼프, 호르무즈 해협 좌초 선박 지원 작전 추진",2026-05-04T12:36:55.691861+00:00,operations,P2,wire,1,articles/2026-05/20260504-d329a7/
20260504-73df24,"미 7보병사단 포병대대, 필리핀 팔라완서 HIMARS 실사격 훈련 실시",2026-05-04T12:39:33.426582+00:00,operations,P3,wire,1,articles/2026-05/20260504-73df24/
20260504-b1721b,"국방부, 민간 AI 기술 군 도입 가속…4개 분야 20개 과제에 400억 원 투입",2026-05-04T15:34:34.977733+00:00,tech,P3,wire,1,articles/2026-05/20260504-b1721b/
20260504-b7cc42,"김규하 육군참모총장 ""드론은 이제 개인화기""…전 부대 드론 전력 체계 구축",2026-05-04T15:35:07.172046+00:00,doctrine,P2,wire,1,articles/2026-05/20260504-b7cc42/
20260504-91c64d,"공군19전투비행단, 무인기·화생방 위협 대응 전투태세훈련 실시",2026-05-04T15:35:22.798027+00:00,operations,P3,wire,1,articles/2026-05/20260504-91c64d/
20260504-f60179,"미국, 이란의 군함 공격 주장 부인…호르무즈 해협 통과 확인",2026-05-04T15:36:03.295704+00:00,operations,P2,wire,1,articles/2026-05/20260504-f60179/
20260504-21f9ec,"우크라이나 드론, 모스크바 고급 아파트 건물 공격...승전절 앞두고",2026-05-04T15:37:24.152688+00:00,operations,P2,wire,1,articles/2026-05/20260504-21f9ec/
20260504-60a43a,"트럼프, 호르무즈 해협 좌초 선박 지원 미군 작전 추진",2026-05-04T15:38:22.219135+00:00,operations,P2,wire,1,articles/2026-05/20260504-60a43a/
20260504-72c182,"미 그린베레, 루손해협서 폭발물 탑재 무인수상함정 함정격침 훈련 실시",2026-05-04T15:38:42.330993+00:00,operations,P2,wire,1,articles/2026-05/20260504-72c182/
20260504-507f18,"미군, 이란 소형 보트 6척 격침·미사일·드론 격추",2026-05-04T18:36:13.433363+00:00,operations,P1,wire,1,articles/2026-05/20260504-507f18/
20260504-3593c3,"미국 공군, 카타르 구입 항공기 개조해 새 에어포스원으로 올여름 인수",2026-05-04T18:37:32.677366+00:00,defense_policy,P3,wire,1,articles/2026-05/20260504-3593c3/
20260504-3e2573,"C2 로보틱스, 대형 무인 잠수정 '스피어투스' 미국 수출 첫 함정 취역식 개최",2026-05-04T18:39:02.349156+00:00,weapons,P3,wire,1,articles/2026-05/20260504-3e2573/
20260504-3961cd,"국제법과 빅테크 의존성, 현대 국가주권 위협 심화",2026-05-04T18:41:54.999494+00:00,geopolitics,P3,wire,1,articles/2026-05/20260504-3961cd/
20260504-9b7235,"필리핀 의원, 분쟁 남중국해 모래톱에 국기 게양",2026-05-04T18:43:34.039998+00:00,geopolitics,P2,wire,1,articles/2026-05/20260504-9b7235/
20260504-7dc951,"미 해군 니미츠급 항모 조지 워싱턴함, 일본 요코스카 입항",2026-05-04T18:52:34.756056+00:00,operations,P3,wire,1,articles/2026-05/20260504-7dc951/
20260504-522b69,미 해군 차관 대행에 퇴역 해군 윌리엄 토티 대령 임명,2026-05-04T18:56:19.437575+00:00,defense_policy,P3,wire,1,articles/2026-05/20260504-522b69/
20260504-f2e1ac,"이스라엘, 첫 KC-46 공중급유기 운용 시작",2026-05-04T21:35:34.269078+00:00,weapons,P3,wire,1,articles/2026-05/20260504-f2e1ac/
20260504-f08786,"미군, 이란 소형 보트 6척 격파·미사일·드론 격추",2026-05-04T21:36:53.808862+00:00,operations,P1,wire,1,articles/2026-05/20260504-f08786/
20260504-d2dbb9,"미 해군, 2028년까지 첫 FFX 호위함 실전 배치 목표",2026-05-04T21:38:17.975477+00:00,weapons,P2,wire,1,articles/2026-05/20260504-d2dbb9/
20260505-7c9c80,"미 해병대, 2029년 MUX 전술무인항공기 작전 시험 추진",2026-05-05T00:38:29.356822+00:00,weapons,P2,wire,1,articles/2026-05/20260505-7c9c80/
20260505-07ef8e,"미군, 마에스크 선사 Alliance Fairfax호의 호르무즈 해협 통과 호위",2026-05-05T03:37:11.935607+00:00,operations,P3,wire,1,articles/2026-05/20260505-07ef8e/
20260505-553f91,"미국, 이란 고속정 공격...마에스크 선박 호르무즈 해협 통과",2026-05-05T03:38:11.635611+00:00,operations,P1,wire,1,articles/2026-05/20260505-553f91/
20260505-528e68,"북한, 미국의 사이버 위협 경고에 '보복' 경고",2026-05-05T03:38:52.548269+00:00,threats,P3,wire,1,articles/2026-05/20260505-528e68/
20260505-376169,"미군 헬기, 호르무즈서 이란 보트 6척 격침",2026-05-05T04:47:09.773176+00:00,geopolitics,P1,original,2,articles/2026-05/20260505-376169/
20260505-4f9e31,"미국, NPT 평가회의서 북한 핵 도발 강력 비판…'조약 온전성 위협'",2026-05-05T04:48:47.044021+00:00,threats,P3,wire,1,articles/2026-05/20260505-4f9e31/
20260505-d365fc,"국제인권단체 ""우크라전 투입 북한군 1만4천 명 중 절반 사상""",2026-05-05T04:49:03.319158+00:00,threats,P2,wire,1,articles/2026-05/20260505-d365fc/
20260505-d40083,"중국, J-20·J-35 스텔스 전투기용 신형 스텔스 순항미사일 개발 중",2026-05-05T04:49:22.582758+00:00,weapons,P2,wire,1,articles/2026-05/20260505-d40083/
20260505-2cf2f3,"중국, 차세대 주력전차 '타입 100' 야전훈련 영상 공개",2026-05-05T04:49:41.824026+00:00,weapons,P2,wire,1,articles/2026-05/20260505-2cf2f3/
20260505-f95f75,"미 공군, T-7A 레드호크 저율생산 승인…초기 14대 도입 2억1900만 달러 계약",2026-05-05T04:50:01.118054+00:00,weapons,P2,wire,1,articles/2026-05/20260505-f95f75/
20260505-c10719,"펜타곤, 자율 무인기 예산 확대 속 자가조직화 드론 개발 추진",2026-05-05T04:50:23.507649+00:00,weapons,P2,wire,1,articles/2026-05/20260505-c10719/
20260505-bc2448,"네덜란드, 미래 방공함에 이지스 전투관리체계 도입 검토",2026-05-05T04:50:43.678392+00:00,weapons,P3,wire,1,articles/2026-05/20260505-bc2448/
20260505-d97e9f,"나토, 우크라이나 전쟁 교훈서 드론 투자 확대…저가 미사일이 차기 공중전 승패 결정할 것",2026-05-05T04:51:04.396927+00:00,weapons,P3,wire,1,articles/2026-05/20260505-d97e9f/
20260505-64ab90,"38 North, 북한 핵·화학·생물 방어 대대 추적 프로젝트 공개",2026-05-05T04:51:23.147197+00:00,threats,P2,wire,1,articles/2026-05/20260505-64ab90/
20260505-5b4605,"영국 해군, 무인함정 활용한 '하이브리드 함대' 구축으로 러시아 견제",2026-05-05T04:51:42.134264+00:00,alliance,P2,wire,1,articles/2026-05/20260505-5b4605/
20260505-bd4f80,"미 해군 항모 포드함, 홍해 작전 후 지중해로…냉전 이후 최장 314일 배치 지속",2026-05-05T04:52:01.461022+00:00,operations,P3,wire,1,articles/2026-05/20260505-bd4f80/
20260505-a77240,"미국·영국군, 리투아니아서 신흥 무인 전술 훈련 실시",2026-05-05T04:52:22.674588+00:00,operations,P2,wire,1,articles/2026-05/20260505-a77240/
20260505-6611d0,"호주군, 록히드마틴 HIMARS·PrSM 선정…장거리화력 연대 확충",2026-05-05T04:52:44.030208+00:00,weapons,P2,wire,1,articles/2026-05/20260505-6611d0/
20260505-959be3,"중국 해군, 스카보로 암초 상공에서 대함 폭격기 전술훈련 실시",2026-05-05T06:36:13.611468+00:00,operations,P2,wire,1,articles/2026-05/20260505-959be3/
20260505-324217,"터키, 자국 최대·최고속 탄도미사일 '타이푼 블록 4' 공개",2026-05-05T09:36:34.932678+00:00,weapons,P2,wire,1,articles/2026-05/20260505-324217/
20260505-158db2,"미군, 필리핀 훈련에서 신형 타이폰 발사대로 토마호크 미사일 발사",2026-05-05T09:36:50.642051+00:00,operations,P2,wire,1,articles/2026-05/20260505-158db2/
20260505-5dee11,리투아니아서 미군 로봇·드론 전투실험,2026-05-05T12:37:00.757639+00:00,tech,P2,original,2,articles/2026-05/20260505-5dee11/
20260505-f8a4ba,"미 육군, 필리핀 훈련서 타이폰 발사대로 토마호크 실사격",2026-05-05T12:37:56.82313+00:00,operations,P1,original,2,articles/2026-05/20260505-f8a4ba/
20260505-9fb2d5,"트럼프, 한국 선박 피격 언급하며 호르무즈 해협 작전 참여 촉구",2026-05-05T12:38:18.635035+00:00,geopolitics,P2,wire,1,articles/2026-05/20260505-9fb2d5/
20260505-47e645,"미국·일본·필리핀, 중국 ZBD-05 모형을 실탄 사격 표적으로 사용",2026-05-05T12:38:37.252367+00:00,operations,P2,wire,1,articles/2026-05/20260505-47e645/
20260505-2efc83,"독일 국방장관, 미군 감축으로 인한 장거리 타이폰 미사일 공백 우려",2026-05-05T12:38:57.12335+00:00,alliance,P2,wire,1,articles/2026-05/20260505-2efc83/
20260505-7d6644,"미 공군, T-7A 레드호크 저율생산 승인…2억1900만 달러 계약",2026-05-05T12:39:17.298425+00:00,weapons,P2,wire,1,articles/2026-05/20260505-7d6644/
20260505-57ace2,"B-52H 엔진 교체 설계검토 통과, 올해 첫 개조 착수",2026-05-05T14:23:33.103044+00:00,weapons,P2,original,2,articles/2026-05/20260505-57ace2/
20260505-496a12,"터키 ASELSAN, 자율 해상무인체계 2종 공개",2026-05-05T14:24:09.234547+00:00,weapons,P3,wire,1,articles/2026-05/20260505-496a12/
20260505-109c07,"우크라이나, 올해 무기수출 금지 해제 추진…걸프국가 수요 집중",2026-05-05T14:24:22.719699+00:00,industry,P3,wire,1,articles/2026-05/20260505-109c07/
20260505-687f6d,"미 해병대, 정찰요원 양성 체계 개편…현장 준비도 강화",2026-05-05T14:24:35.597194+00:00,doctrine,P3,wire,1,articles/2026-05/20260505-687f6d/
20260505-397382,"미스터리 랜치, 특수작전용 맞춤형 장비 운반 시스템 서비스 개시",2026-05-05T14:24:49.529003+00:00,industry,P3,wire,1,articles/2026-05/20260505-397382/
20260505-eb2e17,"미 육군사관학교, 자율화·로봇·예측분석이 미래전 보급지원 좌우한다",2026-05-05T14:25:02.499778+00:00,doctrine,P2,wire,1,articles/2026-05/20260505-eb2e17/
20260505-4468b9,"미 육군, 연안 무인정 '리토럴 램페이지' 시험 추진",2026-05-05T14:25:16.621287+00:00,weapons,P3,wire,1,articles/2026-05/20260505-4468b9/
20260505-cb5e2d,"미국, 호르무즈 해협 상선 호위작전 참여 촉구…헤그세스 장관 ""한국 선박과 연락 유지""",2026-05-05T15:38:36.837364+00:00,alliance,P3,wire,1,articles/2026-05/20260505-cb5e2d/
20260505-875fb2,"미군·태평양 동맹, 발리캐탄 훈련서 상륙작전 격퇴 훈련",2026-05-05T15:39:08.961875+00:00,operations,P2,wire,1,articles/2026-05/20260505-875fb2/
20260505-ff642b,"미 해군, 토마호크 미사일 수요 급증…획득 개혁의 필요성 대두",2026-05-05T15:39:31.80944+00:00,defense_policy,P3,wire,1,articles/2026-05/20260505-ff642b/
20260505-41eddb,"러시아·우크라이나, 상충하는 휴전안 제시…공격은 계속",2026-05-05T15:39:48.967036+00:00,geopolitics,P1,wire,1,articles/2026-05/20260505-41eddb/
20260505-67ccc4,"NATO, AI 생성 정보 공유 정책 마련 필요…현재는 임시방편 의존",2026-05-05T18:35:59.287987+00:00,doctrine,P2,wire,1,articles/2026-05/20260505-67ccc4/
20260505-c3fcee,"미군, 무기·시스템 연결 위해 '해커톤' 개최",2026-05-05T18:37:05.526398+00:00,doctrine,P3,wire,1,articles/2026-05/20260505-c3fcee/
20260505-5f8a0d,"미군, 신형 타이폰 발사대에서 토마호크 미사일 발사 성공",2026-05-05T18:37:44.106554+00:00,weapons,P2,wire,1,articles/2026-05/20260505-5f8a0d/
20260505-1e0717,"젤렌스키, 이주민 모집 관련 러시아 제재 추진 발표",2026-05-05T18:39:24.118736+00:00,geopolitics,P3,wire,1,articles/2026-05/20260505-1e0717/
20260505-ba0614,"미 국방부, 호르무즈 해협 기뢰 위협에도 안전 통행 보장",2026-05-05T21:40:11.561041+00:00,geopolitics,P2,wire,1,articles/2026-05/20260505-ba0614/
20260505-4e6aa9,휴전 중에도 이란의 공격 계속…미군 겨냥 10회 공격,2026-05-05T21:43:40.740387+00:00,threats,P2,wire,1,articles/2026-05/20260505-4e6aa9/
20260505-178970,"미 해군, 해상 재보급함으로 구축함 해상 재무장 시험 추진",2026-05-05T21:45:03.767391+00:00,operations,P2,wire,1,articles/2026-05/20260505-178970/
20260505-d9e95d,"미 공군 퇴역 전투기 조종사, 중국 공군에 미군 전술 전수 혐의",2026-05-05T21:46:22.140534+00:00,threats,P2,wire,1,articles/2026-05/20260505-d9e95d/
20260505-f81084,"미 해군, 드론·AI 활용한 마약밀수선 추적 시험 실시",2026-05-05T21:47:32.488586+00:00,operations,P3,wire,1,articles/2026-05/20260505-f81084/
20260505-1c7d6e,"AEVEX, 퍼시스턴트 시스템 Wave Relay 네트워크 생태계 참여",2026-05-05T21:48:49.433224+00:00,tech,P3,wire,1,articles/2026-05/20260505-1c7d6e/
20260505-f3ae79,"드론실드·테르마, 다층 대드론 체계 개발 협력 MOU 체결",2026-05-05T21:50:00.373346+00:00,weapons,P3,wire,1,articles/2026-05/20260505-f3ae79/
20260505-5f5ccd,"미 공군, B-52H 전략폭격기 엔진 업그레이드 올해 착수",2026-05-05T21:51:26.942473+00:00,weapons,P3,wire,1,articles/2026-05/20260505-5f5ccd/
20260506-385784,"미국, 스텔스 무기창 탑재용 소형 AIM-9X 사이드와인더 개발 중",2026-05-06T01:56:27.360486+00:00,weapons,P2,wire,1,articles/2026-05/20260506-385784/
20260506-cfaafd,"미 해병대, 보병 스카우트 독립 주특기 신설 검토",2026-05-06T01:56:39.023452+00:00,doctrine,P3,original,2,articles/2026-05/20260506-cfaafd/
20260506-0ecc5b,"미국·필리핀·캐나다·일본, 해안 상륙 방어 연합훈련 실시",2026-05-06T01:56:49.877767+00:00,operations,P2,wire,1,articles/2026-05/20260506-0ecc5b/
20260506-e8aa76,"미군, 드론·전자전 결합한 신위협 재현 훈련 실시",2026-05-06T01:57:03.370609+00:00,operations,P3,wire,1,articles/2026-05/20260506-e8aa76/
20260506-741254,"국방대 ""AI·유무인 복합체계 운용 위해 부대 운영방식 전면 재설계 필요""",2026-05-06T04:55:52.193001+00:00,doctrine,P2,wire,1,articles/2026-05/20260506-741254/
20260506-ed02a1,"도산안창호함, 하와이 히캄기지 입항…한·캐 연합훈련 참가",2026-05-06T04:56:03.919012+00:00,operations,P3,wire,1,articles/2026-05/20260506-ed02a1/
20260506-70d955,"미군, 호넷 원웨이 공격드론 리투아니아서 배치",2026-05-06T04:56:17.048167+00:00,operations,P2,wire,1,articles/2026-05/20260506-70d955/
20260506-b599e1,"일본, 필리핀에 함정 이전 추진…인도태평양 안보역할 확대",2026-05-06T05:55:51.833489+00:00,alliance,P3,wire,1,articles/2026-05/20260506-b599e1/
20260506-27fd7e,"타이폰, 필리핀서 토마호크 첫 실사격",2026-05-06T07:26:05.762837+00:00,operations,P2,original,2,articles/2026-05/20260506-27fd7e/
20260506-4d9b4c,"이란 혁명수비대, 미국 본토 공격 위협했으나 실행 능력 부족",2026-05-06T07:26:21.450458+00:00,threats,P2,wire,1,articles/2026-05/20260506-4d9b4c/
20260506-4719f1,"미 우주군, 안드로메다 위성 계약 40억 달러 증액",2026-05-06T07:26:33.055354+00:00,weapons,P2,wire,1,articles/2026-05/20260506-4719f1/
20260506-7b0d9f,"ASELSAN, 수중·수상 무인전투체계 2종 공개",2026-05-06T07:55:21.238969+00:00,weapons,P3,original,2,articles/2026-05/20260506-7b0d9f/
20260506-5b631b,"일본-필리핀, 아부쿠마급 호위함 이전 검토 워킹그룹 출범",2026-05-06T08:24:15.865901+00:00,alliance,P3,wire,1,articles/2026-05/20260506-5b631b/
20260506-9b175a,"우크라이나, 북한 국민 학생 허가증 발급 제도 도입",2026-05-06T08:24:47.974137+00:00,geopolitics,P2,wire,1,articles/2026-05/20260506-9b175a/
20260506-fe1c80,"미국 무인기 대응 훈련사, 추락 드론 위협 대비 프로그램 출시",2026-05-06T08:54:16.997884+00:00,doctrine,P3,wire,1,articles/2026-05/20260506-fe1c80/
20260506-05f744,"러시아, 포세이돈 탑재 '하바롭스크' 잠수함 개발 진행",2026-05-06T08:54:48.951836+00:00,weapons,P2,wire,1,articles/2026-05/20260506-05f744/
20260506-5192a4,"육군, 의복형 웨어러블 로봇 야전 실증 추진",2026-05-06T09:25:06.726697+00:00,weapons,P3,wire,1,articles/2026-05/20260506-5192a4/
20260506-d4b9d5,"러시아, 승전절 행사 기간 핵탄두 장착 가능 ICBM 시험 예정",2026-05-06T09:25:39.091873+00:00,threats,P2,wire,1,articles/2026-05/20260506-d4b9d5/
20260506-a3ea38,"터키 STM, 군집 운용 가능한 자살형 무인정 'YAKTU' 공개",2026-05-06T09:25:51.548132+00:00,weapons,P2,wire,1,articles/2026-05/20260506-a3ea38/
20260506-d0d7f3,"NATO 다영역작전 전략, 소규모 회원국의 관련성 약화 우려",2026-05-06T09:26:04.229628+00:00,doctrine,P3,wire,1,articles/2026-05/20260506-d0d7f3/
20260506-eb542b,"유럽 무인지상차량 제조사, 우크라이나에 수백 대 추가 배치",2026-05-06T09:37:09.03584+00:00,weapons,P3,wire,1,articles/2026-05/20260506-eb542b/
20260506-3332e3,"헤그세스 미국 국방장관, 호르무즈 해협 함정 호위는 '세계에 대한 선물'",2026-05-06T09:37:41.396844+00:00,geopolitics,P3,wire,1,articles/2026-05/20260506-3332e3/
20260506-fe90e9,"북한, 헌법 개정으로 '영토조항 신설'·'통일조항 삭제'",2026-05-06T10:24:59.43186+00:00,geopolitics,P2,wire,1,articles/2026-05/20260506-fe90e9/
20260506-6d3770,"북한, 개정 헌법으로 남북 경계선 재정의…경계 표현은 모호",2026-05-06T10:25:30.165898+00:00,geopolitics,P2,wire,1,articles/2026-05/20260506-6d3770/
20260506-a7ee16,"미국 38 Sierra, 추락 드론 대응 훈련 프로그램 'DIRT' 출시",2026-05-06T10:25:40.609297+00:00,tech,P3,wire,1,articles/2026-05/20260506-a7ee16/
20260506-65f93c,"미 우주군, ThinKom의 위장형 위성 지상국 선정",2026-05-06T15:37:33.261941+00:00,tech,P3,wire,1,articles/2026-05/20260506-65f93c/
20260506-a8ed2c,"레이시온, 샤프사이트 레이더 최대 규모 수주 120대 계약",2026-05-06T15:38:03.587835+00:00,industry,P3,wire,1,articles/2026-05/20260506-a8ed2c/
20260506-df2819,"미 육군, 연구개발비 21억 달러 증액 추진",2026-05-06T15:38:15.45019+00:00,defense_policy,P3,wire,1,articles/2026-05/20260506-df2819/
20260506-110fe8,"터키, 리비아 대립 세력 연합훈련 추진…'하나의 군대, 하나의 리비아' 기조",2026-05-06T15:38:27.848049+00:00,operations,P3,wire,1,articles/2026-05/20260506-110fe8/
20260506-93cd80,"미 해안경비대, 특수임무사령부 창설",2026-05-06T15:38:38.024401+00:00,operations,P2,original,2,articles/2026-05/20260506-93cd80/
20260506-690f32,"미 항모 포드함, 지브롤터 해협 통과해 대서양 진입",2026-05-06T15:38:51.31407+00:00,operations,P3,wire,1,articles/2026-05/20260506-690f32/
20260506-dcca56,"20년 OPCON 이양 논쟁, 이제 '어떻게'의 문제로",2026-05-06T15:52:02.221922+00:00,alliance,P3,wire,1,articles/2026-05/20260506-dcca56/
20260506-32b563,"미국 Owl Cyber Defense, 기밀망용 iOS 보안 게이트웨이 'XD Tyton' 공개",2026-05-06T15:52:33.543212+00:00,tech,P2,wire,1,articles/2026-05/20260506-32b563/
20260506-301218,"미국, 호르무즈 해협 상선 호송 작전 '프로젝트 프리덤' 일시 중단",2026-05-06T17:30:47.060913+00:00,operations,P3,wire,1,articles/2026-05/20260506-301218/
20260506-69305e,"미 국방부, F-35 양자컴퓨팅 위협 대비 암호화 소프트웨어 개선",2026-05-06T17:31:19.366694+00:00,weapons,P2,wire,1,articles/2026-05/20260506-69305e/
20260506-fe593e,"미 육군, 2026년 예산안에서 R&D 투자 21억 달러 증액 추진",2026-05-06T17:31:32.22593+00:00,defense_policy,P3,wire,1,articles/2026-05/20260506-fe593e/
20260506-eb8400,"갈비온, 센티널 포토닉스 투자로 레이저 위협 방어 기술 강화",2026-05-06T17:31:46.684839+00:00,weapons,P3,wire,1,articles/2026-05/20260506-eb8400/
20260506-fba1c8,"프랑스 항모전단, 수에즈 통과 홍해 전개",2026-05-06T18:37:59.565186+00:00,geopolitics,P2,original,2,articles/2026-05/20260506-fba1c8/
20260506-c375c3,"북한 해킹 조직, 중국 게임 앱 악성코드로 탈북민 정보 수집",2026-05-06T18:38:30.719482+00:00,threats,P2,wire,1,articles/2026-05/20260506-c375c3/
20260506-8a7a19,"우크라이나, 러시아 석유 인프라 공격 강도 2배 높여",2026-05-06T18:38:42.055766+00:00,operations,P2,wire,1,articles/2026-05/20260506-8a7a19/
20260506-164767,필리핀 해협에서 미사일이 표적함 격침…인도태평양 긴장 고조,2026-05-06T18:38:53.668606+00:00,operations,P2,wire,1,articles/2026-05/20260506-164767/
20260506-7dbf1f,"미 해안경비대, 특수작전사령부 신설…전문화된 부대 통합 지휘",2026-05-06T18:39:05.035291+00:00,operations,P2,wire,1,articles/2026-05/20260506-7dbf1f/
20260506-7d702e,"미군, 무기·시스템 연결 위해 '해커톤' 방식 도입",2026-05-06T18:39:16.198038+00:00,doctrine,P3,wire,1,articles/2026-05/20260506-7d702e/
20260506-885a6f,"러시아, 우크라이나 전쟁에서 얼마나 더 버틸 수 있을까",2026-05-06T18:39:29.373454+00:00,geopolitics,P2,wire,1,articles/2026-05/20260506-885a6f/
20260506-a22013,"미 공군, B-52H 엔진 교체 사업 설계검토 통과…올해 개조 착수",2026-05-06T18:39:38.976497+00:00,weapons,P3,wire,1,articles/2026-05/20260506-a22013/
20260506-7caa8d,DARPA의 XRQ-73 하이브리드 전기 비행익 드론 첫 비행 성공,2026-05-06T19:15:55.631708+00:00,weapons,P2,wire,1,articles/2026-05/20260506-7caa8d/
20260506-796f89,"미 공군, 항공작전 지휘통제 체계에 AI 도입 추진",2026-05-06T19:16:27.234375+00:00,tech,P2,wire,1,articles/2026-05/20260506-796f89/
20260506-8064b2,"미 해군 F/A-18, 오만만에서 20mm 기관포로 선박 무력화",2026-05-06T19:16:40.056441+00:00,operations,P2,wire,1,articles/2026-05/20260506-8064b2/
20260506-1230c2,미 B-1B 폭격기 '아포칼립스 II' 2년 정비 후 현역 복귀,2026-05-06T19:45:41.00386+00:00,weapons,P3,wire,1,articles/2026-05/20260506-1230c2/
20260506-7eab88,"미 해군, 2028년부터 양륙함 함장을 수상전 장교로 제한",2026-05-06T19:46:20.466602+00:00,doctrine,P3,wire,1,articles/2026-05/20260506-7eab88/
20260506-73a787,중국·일본 갈등 '위험한 국면' 진입…상호 군사 준비 의심 심화,2026-05-06T19:46:33.89599+00:00,geopolitics,P2,wire,1,articles/2026-05/20260506-73a787/
20260506-87242d,"미 공군 트래비스 기지, 무장 창고 경비 부실 적발",2026-05-06T20:15:21.442407+00:00,defense_policy,P3,wire,1,articles/2026-05/20260506-87242d/
20260506-c551d2,"미 해병대, 보병 정찰병 신규 직업군 신설 검토",2026-05-06T20:45:48.786531+00:00,doctrine,P3,wire,1,articles/2026-05/20260506-c551d2/
20260506-525bbf,"미 해군 F/A-18 슈퍼 호넷, 봉쇄 돌파 시도 이란 선박 방향타 격파",2026-05-06T21:15:34.510843+00:00,operations,P2,wire,1,articles/2026-05/20260506-525bbf/
20260506-62c3aa,"미군·필리핀군, 연안 심층전투 훈련 실시",2026-05-06T21:16:06.873218+00:00,operations,P2,wire,1,articles/2026-05/20260506-62c3aa/
20260506-c390bf,"미 공군, EA-37B 전자전 항공기 도입 규모 2배 확대",2026-05-06T21:37:43.566609+00:00,weapons,P3,wire,1,articles/2026-05/20260506-c390bf/
20260506-6e7650,"미군, MK22 정밀저격소총용 XM1224 하이브리드 대물탄 개발 중",2026-05-06T22:15:29.618821+00:00,weapons,P2,wire,1,articles/2026-05/20260506-6e7650/
20260507-8a9304,"펜타곤, 자율형 AI 도입 추진…사이버범죄자에 국가급 능력 부여 우려",2026-05-07T01:30:07.079203+00:00,tech,P2,wire,1,articles/2026-05/20260507-8a9304/
20260507-8d841a,"미군 82공정사단과 7PSYOP대대, 심리전 통합훈련 실시",2026-05-07T01:30:38.62163+00:00,operations,P3,wire,1,articles/2026-05/20260507-8d841a/
20260507-bb773a,"미국 시민 2명, 북한 IT 노동자 사기 지원 혐의로 18개월 징역형",2026-05-07T03:38:10.297669+00:00,threats,P2,wire,1,articles/2026-05/20260507-bb773a/
20260507-502ea7,"육군군수사, AI 중심 스마트 군수체계 구축 위해 '군수인공지능발전과' 신설",2026-05-07T05:41:35.547942+00:00,defense_policy,P3,wire,1,articles/2026-05/20260507-502ea7/
20260507-199459,"미 7사단 HIMARS, 발리캐탄 훈련서 남중국해 인근 도서 기반 배치 시연",2026-05-07T06:38:05.904141+00:00,operations,P2,wire,1,articles/2026-05/20260507-199459/
20260507-0d8293,"우크라이나 드론, 모스크바 인근 군수기지 타격",2026-05-07T07:42:10.859089+00:00,geopolitics,P2,original,2,articles/2026-05/20260507-0d8293/
20260507-02cc1c,"미군, 전술작전센터 현대화 필요성 제기",2026-05-07T07:42:44.698533+00:00,doctrine,P3,wire,1,articles/2026-05/20260507-02cc1c/
20260507-2530ce,"미 육군, 인도태평양 해양거부전략 강화…중국 견제",2026-05-07T07:42:56.973552+00:00,doctrine,P2,wire,1,articles/2026-05/20260507-2530ce/
20260507-ffcfdb,"국군의무사령부, 의무드론 미래 발전방안 추진평가회의 개최",2026-05-07T08:41:24.153377+00:00,defense_policy,P3,wire,1,articles/2026-05/20260507-ffcfdb/
20260507-125f69,"미 공군, F-22 랩터 일본 가데나 기지 배치",2026-05-07T08:41:53.677987+00:00,operations,P2,wire,1,articles/2026-05/20260507-125f69/
20260507-c6f052,"미 육군, 범비 V1 대드론 요격기 훈련 개시",2026-05-07T08:42:05.584685+00:00,weapons,P3,wire,1,articles/2026-05/20260507-c6f052/
20260507-68f127,"프랑스, 호르무즈 해협 작전 대비해 항모전단을 홍해로 배치",2026-05-07T08:42:19.917489+00:00,operations,P2,wire,1,articles/2026-05/20260507-68f127/
20260507-076e0a,"미 국방부, 탄약 긴급증산 체계 구축 필요",2026-05-07T08:42:31.643604+00:00,defense_policy,P2,wire,1,articles/2026-05/20260507-076e0a/
20260507-43c47c,KF-21 보라매 '전투용 적합' 판정 획득…양산 1호기 하반기 실전 배치,2026-05-07T09:11:47.110436+00:00,weapons,P2,wire,1,articles/2026-05/20260507-43c47c/
20260507-53c8eb,"일본, 필리핀 발리캐탄 훈련서 Type 88 대함미사일 2발 발사",2026-05-07T09:12:18.380934+00:00,operations,P2,wire,1,articles/2026-05/20260507-53c8eb/
20260507-e6f628,"북한 ""NPT 구속 받지 않는다"" 비핵화 거부 선언",2026-05-07T09:12:33.859711+00:00,threats,P2,wire,1,articles/2026-05/20260507-e6f628/
20260507-840e34,"미군, 이란 국기 유조선에 포격해 무력화",2026-05-07T09:41:32.202934+00:00,operations,P2,wire,1,articles/2026-05/20260507-840e34/
20260507-ec4463,"국정원, 북한 개정 헌법 '핵무력권' 명문화 평가...핵포기 불가 선언으로 해석",2026-05-07T12:27:01.973994+00:00,threats,P2,wire,1,articles/2026-05/20260507-ec4463/
20260507-fff242,중국 차량탑재 레이저무기 UAE서 확인,2026-05-07T12:27:37.165779+00:00,weapons,P3,wire,1,articles/2026-05/20260507-fff242/
20260507-a9ab61,"터키 STM, 초대형 무인잠수정 텡기즈 공개",2026-05-07T12:27:49.106879+00:00,weapons,P3,wire,1,articles/2026-05/20260507-a9ab61/
20260507-5acdd3,"워터셰드, 방수 항공승무원 생존 장비 백팩 출시",2026-05-07T12:28:02.615354+00:00,weapons,P3,wire,1,articles/2026-05/20260507-5acdd3/
20260507-3ada4b,"우크라이나 트리주브 레이저, 5km 거리 드론 격추 능력 확보",2026-05-07T12:37:36.271431+00:00,weapons,P2,wire,1,articles/2026-05/20260507-3ada4b/
20260507-90871c,"뉴질랜드, 호주와 같은 일본 모가미급 호위함 도입 검토",2026-05-07T12:57:04.751668+00:00,alliance,P3,wire,1,articles/2026-05/20260507-90871c/
20260507-9f28b8,"캐나다 연방경찰, 스트림라이트 TLR-7 X를 표준 권총 조명으로 채택",2026-05-07T13:26:52.957897+00:00,weapons,P4,wire,1,articles/2026-05/20260507-9f28b8/
20260507-8174c1,"트럼프, 2026 대테러 전략 서명",2026-05-07T14:27:17.060789+00:00,defense_policy,P2,original,2,articles/2026-05/20260507-8174c1/
20260507-9f2bed,미군 중동 기지 15곳서 228개 시설 피격…정밀도 '경고',2026-05-07T14:27:47.888757+00:00,threats,P2,wire,1,articles/2026-05/20260507-9f2bed/
20260507-541cf7,"미 육군 M119A3 곡사포, 상륙작전 저지 훈련 실시",2026-05-07T14:57:45.306347+00:00,operations,P3,wire,1,articles/2026-05/20260507-541cf7/
20260507-4fa609,"우크라이나, 카스피해서 러시아 미사일 초계함 격중",2026-05-07T15:38:20.109422+00:00,operations,P2,wire,1,articles/2026-05/20260507-4fa609/
20260507-e35e3e,"미 국방부, AI 표적 지정 기술로 드론 격추 능력 강화",2026-05-07T15:57:00.644327+00:00,tech,P2,wire,1,articles/2026-05/20260507-e35e3e/
20260507-e9a0e9,"뉴질랜드, 북한·이란 연계 대러 군사 지원 행위자 제재",2026-05-07T16:26:42.452652+00:00,geopolitics,P2,wire,1,articles/2026-05/20260507-e9a0e9/
20260507-22abad,"미 백악관, 한국을 아시아 주요 대테러 파트너로 지정",2026-05-07T16:27:08.147296+00:00,alliance,P3,wire,1,articles/2026-05/20260507-22abad/
20260507-790123,"미 공군, 사막 저장소에서 꺼낸 B-1B 랜서 복구 완료",2026-05-07T16:56:19.30867+00:00,weapons,P3,wire,1,articles/2026-05/20260507-790123/
20260507-279b10,북한 IT 인력 위장취업 도운 미국인 2명 징역 18개월,2026-05-07T18:26:08.241786+00:00,threats,P2,wire,1,articles/2026-05/20260507-279b10/
20260507-45e19e,유럽 방위자주성 연 50억 유로 투자로 달성 가능—독일 전문가,2026-05-07T18:26:39.264934+00:00,defense_policy,P3,wire,1,articles/2026-05/20260507-45e19e/
20260507-0b6a57,"미 국방부, AI 표적 인식 기술로 드론 격추 능력 강화",2026-05-07T18:26:50.205653+00:00,tech,P2,wire,1,articles/2026-05/20260507-0b6a57/
20260507-47fd10,"미군, 필리핀서 토마호크 미사일 390마일 원거리 타격 시험 성공",2026-05-07T18:27:02.28719+00:00,operations,P2,wire,1,articles/2026-05/20260507-47fd10/
20260507-cda8b2,"노스롭 그루먼, B-21 레이더 시험 기간 180일에서 73일로 단축",2026-05-07T18:37:06.12028+00:00,weapons,P2,wire,1,articles/2026-05/20260507-cda8b2/
20260507-ce8bb1,"미군, JLTV 기반 RAD 무인기 대응체계 평가 중",2026-05-07T18:56:38.202529+00:00,weapons,P3,wire,1,articles/2026-05/20260507-ce8bb1/
20260507-02c9fd,"프랑스 항모전단, 중동 해역 작전 개시",2026-05-07T18:57:06.878001+00:00,operations,P3,wire,1,articles/2026-05/20260507-02c9fd/
20260507-e62910,"미 해군, T38 무인정 192시간 자율운영 성공",2026-05-07T19:26:38.380154+00:00,weapons,P2,wire,1,articles/2026-05/20260507-e62910/
20260507-e7ec6b,"미 특수전 장병, 예측시장 이용한 내부정보 거래 적발",2026-05-07T19:27:06.078441+00:00,threats,P2,wire,1,articles/2026-05/20260507-e7ec6b/
20260507-45e3f2,"미 공군, BACN 전자전 항공기 2028년 퇴역 추진…위성통신으로 전환",2026-05-07T19:56:47.136308+00:00,weapons,P2,wire,1,articles/2026-05/20260507-45e3f2/
20260507-cfde94,"스웨덴 사브, 칼 구스타프용 신형 대전차탄 'HEAT 758' 공개",2026-05-07T20:26:13.8736+00:00,weapons,P3,wire,1,articles/2026-05/20260507-cfde94/
20260507-e69fa5,"미 우주군, 발사 빈도 100배 증가 대비 시설·예산·인력·AI 확충 추진",2026-05-07T21:26:00.454889+00:00,defense_policy,P2,wire,1,articles/2026-05/20260507-e69fa5/
20260507-10ca3b,"우크라이나 드론, 모스크바 전승절 행사 차질…푸틴 보안 강화",2026-05-07T21:26:35.818895+00:00,operations,P2,wire,1,articles/2026-05/20260507-10ca3b/
20260507-39a5ab,"미한일 등 82개국·EU, 북한 핵무기 프로그램 확장 규탄… '핵보유국 지위 절대 불가' 공동 성명",2026-05-07T21:56:15.571809+00:00,geopolitics,P3,wire,1,articles/2026-05/20260507-39a5ab/
20260507-4c2ff2,"우크라이나 국방장관, 스웨덴서 그리펜 전투기 계약 논의",2026-05-07T21:56:44.957148+00:00,alliance,P3,wire,1,articles/2026-05/20260507-4c2ff2/
20260507-5ac159,"북한, 핵무장 구축함 '51호 최현' 6월 중순 배치 예정",2026-05-07T22:26:20.563595+00:00,weapons,P1,wire,1,articles/2026-05/20260507-5ac159/
20260507-cc9d14,"미 육군, 소형 무인항공기 3종 추가 도입…중대급 운용 확대",2026-05-07T22:26:50.484945+00:00,weapons,P3,wire,1,articles/2026-05/20260507-cc9d14/
20260507-bf23f6,"아르헨티나, 러시아 허위정보망 운영자 체포",2026-05-07T22:27:03.222941+00:00,geopolitics,P2,wire,1,articles/2026-05/20260507-bf23f6/
20260507-0c4ef5,"펜타곤 ""단일 AI 공급업체 의존 절대 금지""",2026-05-07T22:56:45.996827+00:00,defense_policy,P2,wire,1,articles/2026-05/20260507-0c4ef5/
20260508-7aa924,"미 육군, 포트 스튜어트 기지에 무인항공기 운용 전문 교육센터 개설",2026-05-08T00:26:56.02228+00:00,doctrine,P3,wire,1,articles/2026-05/20260508-7aa924/
20260508-bc0d55,"미공군, B-52 후속 전략폭격기 대체 방안 검토 착수",2026-05-08T00:27:25.540095+00:00,weapons,P3,wire,1,articles/2026-05/20260508-bc0d55/
20260508-c8879e,"미군, 호르무즈 해협 이란 목표물 공습",2026-05-08T00:27:38.290693+00:00,operations,P1,wire,1,articles/2026-05/20260508-c8879e/
20260508-a0cef9,"미 3사단 1여단, 레이더 밀도 훈련서 드론·전자전 통합 운용",2026-05-08T00:27:52.76911+00:00,operations,P3,wire,1,articles/2026-05/20260508-a0cef9/
20260508-51a028,"미 해군 F/A-18E 슈퍼 호넷, 이란 유조선에 20mm 기관포 사격",2026-05-08T00:28:05.318274+00:00,operations,P2,wire,1,articles/2026-05/20260508-51a028/
20260508-672ba7,"대만 자체 개발 잠수함, Mk48 어뢰 발사 시험 성공",2026-05-08T05:57:25.560329+00:00,weapons,P2,wire,1,articles/2026-05/20260508-672ba7/
20260508-f55b8d,"해군특수전전단, 중원대학교와 FPV 드론 전문인력 양성 협력",2026-05-08T06:57:25.339478+00:00,defense_policy,P3,wire,1,articles/2026-05/20260508-f55b8d/
20260508-cb4f0f,미군 사단급 대규모 전투작전 준비 과정의 복잡성 부각,2026-05-08T07:28:01.338569+00:00,operations,P3,wire,1,articles/2026-05/20260508-cb4f0f/
20260509-3378bc,"북한 신형 155mm 자주포, 연내 남부 전선 배치 선언",2026-05-09T09:36:44.57361+00:00,threats,P2,original,2,articles/2026-05/20260509-3378bc/
20260509-ed564f,북한 '가짜 직원' 미국 기업 침투…실리콘밸리 법무법인 경고,2026-05-09T09:37:16.045749+00:00,threats,P2,wire,1,articles/2026-05/20260509-ed564f/
20260509-3f4005,"미국 레드와이어, 우크라이나에 펭귄 드론 200대 이상 공급",2026-05-09T09:37:26.923663+00:00,weapons,P3,wire,1,articles/2026-05/20260509-3f4005/
20260509-c8cbb4,"우크라이나, 지상 무인로봇 생산 확대…탄약 수송·민간인 구출에 활용",2026-05-09T09:37:38.516485+00:00,weapons,P2,wire,1,articles/2026-05/20260509-c8cbb4/
20260509-b75427,"미 F/A-18 슈퍼 호넷, 봉쇄 돌파 시도 이란 유조선 공격",2026-05-09T09:37:49.897929+00:00,operations,P1,wire,1,articles/2026-05/20260509-b75427/
20260509-f50cdf,"라인메탈, 독일 킬 해양조선소 인수 추진",2026-05-09T09:38:02.754549+00:00,industry,P3,wire,1,articles/2026-05/20260509-f50cdf/
20260509-e4e0ef,"베트남, 인도에서 브라모스 미사일과 해양초계함 도입",2026-05-09T09:38:14.556062+00:00,alliance,P3,wire,1,articles/2026-05/20260509-e4e0ef/
20260509-d418d4,"러시아-이란 무인기 협력 심화, 중동 위협 확대",2026-05-09T09:38:26.409127+00:00,threats,P2,wire,1,articles/2026-05/20260509-d418d4/
20260509-4c873c,"미국 국방부, 5개 기지에 고출력 마이크로파·레이저 방공체계 배치",2026-05-09T09:38:37.790805+00:00,weapons,P3,wire,1,articles/2026-05/20260509-4c873c/
20260509-3a16ea,"호주-미국 희토류 거래, 말레이시아서 반발 촉발",2026-05-09T09:38:50.704514+00:00,geopolitics,P3,wire,1,articles/2026-05/20260509-3a16ea/
20260509-735d3d,"중국, 아시아 정부·방위체계 대상 사이버작전 동시 추진",2026-05-09T09:39:01.352615+00:00,threats,P2,wire,1,articles/2026-05/20260509-735d3d/
20260509-c307fe,미 공군 B-1B 랜서 광범위 정비 후 운용 재개,2026-05-09T09:39:11.894206+00:00,operations,P3,wire,1,articles/2026-05/20260509-c307fe/
20260509-4361d2,"러시아 태평양함대 함정 3척, 블라디보스토크 귀항",2026-05-09T09:39:26.480262+00:00,operations,P2,wire,1,articles/2026-05/20260509-4361d2/
20260509-9c08a6,"미 해군 포드급 항모 도리스 밀러함 2년 지연, 2034년 인수 예정",2026-05-09T09:39:38.319514+00:00,weapons,P3,wire,1,articles/2026-05/20260509-9c08a6/
20260509-118abe,콩고 동부서 ISIS 연계 세력 민간인 40명 학살,2026-05-09T09:39:50.28947+00:00,threats,P2,wire,1,articles/2026-05/20260509-118abe/
20260509-edfd6f,"영국 RAF, 다층 무인항공기 방어체계 구축…상업용 드론 위협 대응",2026-05-09T09:40:01.795656+00:00,weapons,P3,wire,1,articles/2026-05/20260509-edfd6f/
20260509-bb305d,"북한 신형 155㎜ 자주포, 군사적 혁신 아닌 선전 목적 가능성",2026-05-09T12:36:53.320386+00:00,threats,P3,wire,1,articles/2026-05/20260509-bb305d/
20260509-8c8360,"터키, KAAN 5세대 전투기 20대 도입 계약 체결",2026-05-09T12:37:21.963737+00:00,weapons,P2,wire,1,articles/2026-05/20260509-8c8360/
20260509-d8aac2,"미 국방부, 현장 3D프린팅 드론 생산 기술에 3000만 달러 투자",2026-05-09T12:37:35.154366+00:00,weapons,P2,wire,1,articles/2026-05/20260509-d8aac2/
20260509-d9e5d9,"냉전 시대 남아공 정찰병 '레케스', 앙골라 국경전에서 극한 작전 펼쳐",2026-05-09T12:37:48.207522+00:00,history,P3,wire,1,articles/2026-05/20260509-d9e5d9/
20260509-84f244,"Beez Combat Systems, 전술 드론 운용용 FPV 고글 헤드밴드 스트랩 출시",2026-05-09T12:38:00.666911+00:00,weapons,P3,wire,1,articles/2026-05/20260509-84f244/
20260509-1df9d0,"미 국방부 차관, 해군 차세대 스텔스 전투기 감시 직접 담당",2026-05-09T12:38:11.69129+00:00,weapons,P3,wire,1,articles/2026-05/20260509-1df9d0/
20260509-700c2e,"중국의 말라카 해협 의존도 심화, 전략적 취약점 노출",2026-05-09T15:36:54.283275+00:00,geopolitics,P2,wire,1,articles/2026-05/20260509-700c2e/
20260509-04b2fb,"한국 KF-21 보라매, 전투 운용 승인 획득",2026-05-09T18:36:48.030924+00:00,weapons,P2,wire,1,articles/2026-05/20260509-04b2fb/
20260509-453286,"DARPA, 컨테이너형 드론 스웜 개발 추진",2026-05-09T18:37:19.124139+00:00,weapons,P2,wire,1,articles/2026-05/20260509-453286/
20260509-cef33c,"사하라 이남 아프리카, 특수전력 강화 경쟁 심화",2026-05-09T18:37:31.748084+00:00,operations,P3,wire,1,articles/2026-05/20260509-cef33c/
20260509-21b93d,"미 국방부, 8개 AI 기업과 기밀망 AI 배치 협약 체결",2026-05-09T18:37:43.45961+00:00,tech,P2,wire,1,articles/2026-05/20260509-21b93d/
20260509-da53e2,"레바논, 이스라엘 공습으로 39명 사망 주장",2026-05-09T21:35:54.505235+00:00,operations,P2,wire,1,articles/2026-05/20260509-da53e2/
20260509-68c695,"미 해병대, 알래스카에 신규 순환배치 부대 설치",2026-05-09T21:36:31.429682+00:00,operations,P3,wire,1,articles/2026-05/20260509-68c695/
20260509-bbca5f,"미 공군, B-52H 후속 전략폭격기 대안 검토 착수",2026-05-09T21:36:44.257163+00:00,weapons,P3,wire,1,articles/2026-05/20260509-bbca5f/
20260510-3cede7,"터키 DATUM, 공격 능력 갖춘 초대형 무인잠수정 시나릿 공개",2026-05-10T00:35:14.475314+00:00,weapons,P3,wire,1,articles/2026-05/20260510-3cede7/
20260510-ac2b07,"미군 유마 시험장, 포신 독립 검증 시스템 도입…탄약 생산 확대 지원",2026-05-10T00:35:53.014811+00:00,weapons,P3,wire,1,articles/2026-05/20260510-ac2b07/
20260510-8cab5e,"미 해공군, 소형 AIM-9X 개발 추진…무인전투기 화력 강화",2026-05-10T00:36:08.090097+00:00,weapons,P3,wire,1,articles/2026-05/20260510-8cab5e/
20260510-ad7b87,"우크라이나 방공, 러시아 드론 27대 전부 격추",2026-05-10T05:58:34.28251+00:00,operations,P2,wire,1,articles/2026-05/20260510-ad7b87/
20260510-aca871,"우크라이나 전선 5월 9일 147건 교전 발생, 러시아 3개 축선서 집중 공세",2026-05-10T06:29:18.82411+00:00,operations,P2,wire,1,articles/2026-05/20260510-aca871/
20260510-bfc15a,"크라토스, 인디애나주에 극초음속 시험시설 건설",2026-05-10T08:58:44.33142+00:00,weapons,P3,wire,1,articles/2026-05/20260510-bfc15a/
20260510-ad1296,"영국, 호르무즈 해협 상선 호위 대비 Type 45 구축함 중동 재배치",2026-05-10T08:59:04.325067+00:00,operations,P2,wire,1,articles/2026-05/20260510-ad1296/
20260510-93db04,"러시아 샤헤드 드론 생산지 알라부가 경제특구, 340헥타르 확장",2026-05-10T08:59:15.57978+00:00,industry,P2,wire,1,articles/2026-05/20260510-93db04/
20260510-ffe872,"인도, 다탄두 아그니 미사일 시험 성공",2026-05-10T09:28:20.003508+00:00,weapons,P2,wire,1,articles/2026-05/20260510-ffe872/
20260510-5c103a,"미군, 우크라이나 드론 대응 전술 도입…리투아니아에 기동사격팀 배치",2026-05-10T09:28:36.587951+00:00,operations,P2,wire,1,articles/2026-05/20260510-5c103a/
20260510-3d3302,"쿠웨이트, 이란 드론 공격에 대응…중동 휴전 긴장 고조",2026-05-10T09:28:41.695345+00:00,geopolitics,P2,wire,1,articles/2026-05/20260510-3d3302/
20260510-b655ed,"독일, 미국으로부터 토마호크 미사일 도입 추진 재개",2026-05-10T09:58:38.8046+00:00,weapons,P2,wire,1,articles/2026-05/20260510-b655ed/
20260510-3d1a1a,"BlackSea Technologies, 신형 무인정 '코멧'·'체이서' 공개",2026-05-10T12:34:26.615735+00:00,weapons,P3,wire,1,articles/2026-05/20260510-3d1a1a/
20260510-2c73e9,베트남전 해병대의 '연합행동소대'…마을 주민과 신뢰 구축으로 게릴라 재침투 차단,2026-05-10T12:34:41.551602+00:00,history,P3,wire,1,articles/2026-05/20260510-2c73e9/
20260510-15bc2a,"미국방부, 해군 차세대 스텔스 전투기 감시 강화",2026-05-10T13:28:58.202447+00:00,weapons,P2,wire,1,articles/2026-05/20260510-15bc2a/
20260510-616549,"러시아군, 올렉산드리우카 전선 폐허에 병력 집결 시도",2026-05-10T13:29:15.515435+00:00,operations,P2,wire,1,articles/2026-05/20260510-616549/
20260510-459b63,"미국 군부, 로마 제국 쇠퇴와 유사한 경로 진행 중",2026-05-10T13:58:28.263449+00:00,geopolitics,P3,wire,1,articles/2026-05/20260510-459b63/
20260510-4ea152,"이란 분쟁, 걸프만 국가들의 방위전략 재편 촉발",2026-05-10T14:28:13.161006+00:00,geopolitics,P3,wire,1,articles/2026-05/20260510-4ea152/
20260510-760d93,북한 '가짜 직원' 미국 기업 침투…실리콘밸리 법무법인 경고,2026-05-10T15:32:26.612508+00:00,threats,P2,wire,1,articles/2026-05/20260510-760d93/
20260510-2d005c,"북한 신형 155㎜ 자주포, 군사적 실질 변화 제한적…대남 선전 목적 분석",2026-05-10T15:32:43.024181+00:00,threats,P3,wire,1,articles/2026-05/20260510-2d005c/
20260510-d8f61d,"우크라이나, 지상 무인로봇 생산 확대…탄약 수송·민간인 구출까지",2026-05-10T15:32:55.588416+00:00,weapons,P2,wire,1,articles/2026-05/20260510-d8f61d/
20260510-245f71,"미 F/A-18 슈퍼 호넷, 봉쇄 돌파 이란 유조선 공격",2026-05-10T15:33:01.453827+00:00,operations,P1,wire,1,articles/2026-05/20260510-245f71/
20260510-7f4219,"호주-미국 희토류 거래, 말레이시아서 반발 촉발",2026-05-10T15:33:09.400577+00:00,geopolitics,P3,wire,1,articles/2026-05/20260510-7f4219/
20260510-6ea05c,미 공군 B-1B 랜서 광범위 정비 후 운용 재개,2026-05-10T15:33:14.481238+00:00,operations,P3,wire,1,articles/2026-05/20260510-6ea05c/
20260510-66e1c9,"러시아 태평양함대 함정 3척, 블라디보스토크 귀항",2026-05-10T15:33:21.938966+00:00,operations,P2,wire,1,articles/2026-05/20260510-66e1c9/
20260510-55e785,"미 해군 포드급 항모 도리스 밀러함 2년 지연, 2034년 인수 예정",2026-05-10T15:33:28.054435+00:00,weapons,P3,wire,1,articles/2026-05/20260510-55e785/
20260510-c9cd42,"OSS, 현대 미국 특수전·정보기관의 모태 역할",2026-05-10T15:33:36.762501+00:00,history,P3,wire,1,articles/2026-05/20260510-c9cd42/
20260510-6c0e53,"방산 전문가 ""한국판 팔란티어 부재, 정부-민간 협력 체계 미흡이 원인""",2026-05-10T15:38:40.683358+00:00,defense_policy,P3,wire,1,articles/2026-05/20260510-6c0e53/
20260510-ff2fd6,"중국, 아시아 정부·해외 민주인사 동시 겨냥한 사이버작전 전개",2026-05-10T15:39:13.380751+00:00,threats,P2,wire,1,articles/2026-05/20260510-ff2fd6/
20260510-2a763f,"중국의 말라카 해협 의존도 심화, 전략적 취약점 노출",2026-05-10T17:01:42.589755+00:00,geopolitics,P3,wire,1,articles/2026-05/20260510-2a763f/
20260510-0b7bb8,"미 특수작전 함선 MV 오션 트레이더, 디에고 가르시아 도착",2026-05-10T18:03:10.359974+00:00,operations,P3,wire,1,articles/2026-05/20260510-0b7bb8/
20260510-e868f4,"DARPA, 컨테이너형 드론 스웜 개발 추진",2026-05-10T18:37:54.667751+00:00,weapons,P2,wire,1,articles/2026-05/20260510-e868f4/
20260510-9e882f,"미 공군, B-52H 후속 전략폭격기 대안 검토 착수",2026-05-10T21:37:33.738107+00:00,weapons,P3,wire,1,articles/2026-05/20260510-9e882f/
20260510-00e49d,아프리카사자26 훈련 중 실종된 미군 장교 1명 발견,2026-05-10T22:01:24.753493+00:00,operations,P2,wire,1,articles/2026-05/20260510-00e49d/
20260510-afd55d,"러시아 GRU, 미국 가정용 라우터 해킹…연방 시스템 내부자 위협도 증가",2026-05-10T22:01:54.920005+00:00,threats,P2,wire,1,articles/2026-05/20260510-afd55d/
20260510-c13159,"우크라이나 저항군, 러시아 군수물자 수송 열차 파괴",2026-05-10T23:01:10.267645+00:00,operations,P2,wire,1,articles/2026-05/20260510-c13159/
20260510-7f8e85,우크라이나-러시아 전선서 하루 180건 교전 발생,2026-05-10T23:01:42.562748+00:00,operations,P3,wire,1,articles/2026-05/20260510-7f8e85/
20260511-4b15ab,"미군, 드론 격추 기술 개발 산업 포럼 개최",2026-05-11T02:03:32.676714+00:00,weapons,P3,wire,1,articles/2026-05/20260511-4b15ab/
20260511-5dcbc3,"미 해공군, 소형 AIM-9X 개발 추진…무인전투기 화력 강화",2026-05-11T02:08:22.830636+00:00,weapons,P3,wire,1,articles/2026-05/20260511-5dcbc3/
20260511-1b5c17,"해커, 구글 광고·Claude.ai 악용해 맥 악성코드 유포",2026-05-11T02:09:59.565943+00:00,threats,P2,wire,1,articles/2026-05/20260511-1b5c17/
20260511-67d8e8,"육군3사관학교, 드론 운용 교육 체계화…'50만 드론전사 양성' 주도",2026-05-11T03:22:46.336531+00:00,doctrine,P3,wire,1,articles/2026-05/20260511-67d8e8/
20260511-c242f9,"미 공군 F-16 조종사 6명, 이란 핵시설 공격 작전으로 비행십자훈장 수훈",2026-05-11T05:25:06.755789+00:00,operations,P3,wire,1,articles/2026-05/20260511-c242f9/
20260511-a2d466,"북한군 127명, 모스크바 붉은광장 전승절 행진 처음 참가",2026-05-11T05:55:33.595171+00:00,geopolitics,P2,wire,1,articles/2026-05/20260511-a2d466/
20260511-51b423,"노벨상 수상 경제학자, AI가 정보환경을 훼손하는 메커니즘 분석",2026-05-11T06:00:23.357306+00:00,tech,P3,wire,1,articles/2026-05/20260511-51b423/
20260511-008b7a,"미 항모 2척 포함 20척 함정, 이란 해상봉쇄 작전 전개",2026-05-11T06:25:24.433391+00:00,operations,P2,wire,1,articles/2026-05/20260511-008b7a/
20260511-0d1d99,"이란, 미군 작전에 대응한 정보작전 강화",2026-05-11T06:28:39.426387+00:00,operations,P3,wire,1,articles/2026-05/20260511-0d1d99/
20260511-0458ac,"비정규전 학술지, '위임된 폭력' 통해 현대 소규모전 전략 분석",2026-05-11T06:39:37.171869+00:00,doctrine,P3,wire,1,articles/2026-05/20260511-0458ac/
20260511-a43f74,"서방군 전장 응급후송 교리, '지속적 감시' 시대 재검토 필요",2026-05-11T07:54:53.714201+00:00,doctrine,P3,wire,1,articles/2026-05/20260511-a43f74/
20260511-c92240,"미국 법원, 북한 탈취 암호화폐 7100만 달러 이전 투표 승인",2026-05-11T07:55:33.009586+00:00,geopolitics,P3,wire,1,articles/2026-05/20260511-c92240/
20260511-7a8272,"러시아군, 우크라이나 국경수비대에 하루 250회 공격…드론 150회",2026-05-11T07:57:41.423677+00:00,operations,P3,wire,1,articles/2026-05/20260511-7a8272/
20260511-92da20,"미국 투자자들, 우크라이나 방위산업 스타트업에 관심 높아지나 수출규제 발목",2026-05-11T08:55:02.215796+00:00,industry,P3,wire,1,articles/2026-05/20260511-92da20/
20260511-6cb0e3,"인도, 방위산업 육성을 국가전략으로 추진",2026-05-11T08:58:01.23909+00:00,defense_policy,P3,wire,1,articles/2026-05/20260511-6cb0e3/
20260511-594e7b,"한국·나토, 방산협력 강화 논의…'나토 표준 정보' 확보 추진",2026-05-11T09:23:56.22704+00:00,alliance,P3,wire,1,articles/2026-05/20260511-594e7b/
20260511-0cd32f,"아르메니아, 프랑스 공급 CAESAR 자주포 공개",2026-05-11T09:25:00.113262+00:00,weapons,P3,wire,1,articles/2026-05/20260511-0cd32f/
20260511-204edf,"우크라이나, 자체 개발 장갑 회수차량 전장 배치",2026-05-11T09:25:38.554935+00:00,weapons,P3,wire,1,articles/2026-05/20260511-204edf/
20260511-00f7a0,"독일, 우크라이나와 원거리 타격 무기 공동 생산 확대 추진",2026-05-11T09:40:54.193969+00:00,alliance,P2,wire,1,articles/2026-05/20260511-00f7a0/
20260511-1c6c60,러시아 Tu-160M 폭격기 업그레이드 진행 확인,2026-05-11T09:55:41.368562+00:00,weapons,P3,wire,1,articles/2026-05/20260511-1c6c60/
20260511-f8e2ba,"우크라이나 국방군 '카르티야' 부대, 보브찬스크 축선서 전술적 위치 개선",2026-05-11T09:58:17.875443+00:00,operations,P3,wire,1,articles/2026-05/20260511-f8e2ba/
20260511-1cd671,"우크라이나 방위업체 RAROG, SAHA 2026서 전선 배치 기술 공개",2026-05-11T09:59:07.314935+00:00,industry,P3,wire,1,articles/2026-05/20260511-1cd671/
20260511-94f3cd,"미 육군, 이스라엘 SMASH 2000LE 화기통제 시스템 1070만 달러 추가 계약",2026-05-11T10:55:30.848071+00:00,weapons,P2,wire,1,articles/2026-05/20260511-94f3cd/
20260511-869628,"스톡홀름 방위투자펀드, 우크라이나 방위기술 기업 지원 540만 달러 조성",2026-05-11T10:56:18.506662+00:00,industry,P3,wire,1,articles/2026-05/20260511-869628/
20260511-ce6374,"프랑스 해군, 2027년까지 무장 무인정 함대 배치 추진",2026-05-11T10:57:43.143409+00:00,weapons,P2,wire,1,articles/2026-05/20260511-ce6374/
20260511-de9cec,"Small Wars Journal, 5월 11일자 특수전 주간 뉴스레터 발행",2026-05-11T10:59:24.880083+00:00,opinion,P3,wire,1,articles/2026-05/20260511-de9cec/
20260511-db6dc2,"전술장비 경량화, 전투원 피로도 감소 효과 입증",2026-05-11T11:00:04.967278+00:00,weapons,P3,wire,1,articles/2026-05/20260511-db6dc2/
20260511-1f2ea3,"미 해공군, 소형 AIM-9X 개발 추진…무인항공기 화력 강화",2026-05-11T11:27:44.292213+00:00,weapons,P2,wire,1,articles/2026-05/20260511-1f2ea3/
20260511-cc24a3,"이탈리아 해군, 인도태평양 배치 중 탄도미사일 방어 시험",2026-05-11T12:26:34.950914+00:00,operations,P3,wire,1,articles/2026-05/20260511-cc24a3/
20260511-324ec7,나무호 피격 와중 한미 국방장관 회담...호르무즈 해협 안보 협력 논의,2026-05-11T12:58:14.44462+00:00,alliance,P2,wire,1,articles/2026-05/20260511-324ec7/
20260511-71cb0d,"미 해군 특수전 장교, 탈레반 인질 구출 작전으로 명예훈장 수훈",2026-05-11T13:02:55.518641+00:00,operations,P3,wire,1,articles/2026-05/20260511-71cb0d/
20260511-28d185,"미국 ""북러 동맹 수준 아닌 북중 관계 복원""",2026-05-11T13:26:29.411059+00:00,geopolitics,P3,wire,1,articles/2026-05/20260511-28d185/
20260511-56c75f,"한미 국방장관, 워싱턴서 전작권 전환 등 논의",2026-05-11T14:56:09.66408+00:00,alliance,P3,wire,1,articles/2026-05/20260511-56c75f/
20260511-479be4,USS 제럴드 R 포드 기록적 배치로 미해군 항모 배치 주기 재검토,2026-05-11T14:56:58.612252+00:00,operations,P3,wire,1,articles/2026-05/20260511-479be4/
20260511-fa3cf1,영국 P-8A 포세이돈에 스팅레이 Mod 1 어뢰 통합 시험 임박,2026-05-11T15:25:47.930401+00:00,weapons,P2,wire,1,articles/2026-05/20260511-fa3cf1/
20260511-0af538,"L3Harris, 미 공군 ABMS 디지털 기반시설 구축 추진",2026-05-11T15:27:46.802559+00:00,weapons,P2,wire,1,articles/2026-05/20260511-0af538/
20260511-27fc36,"미 공군, 전 장병 대상 AI 교육훈련 프로그램 추진",2026-05-11T15:28:21.277801+00:00,doctrine,P3,wire,1,articles/2026-05/20260511-27fc36/
20260511-e3babe,"레이시온, 호주 Sea3000 호위함에 SeaRAM 미사일 공급",2026-05-11T15:38:12.002156+00:00,weapons,P2,wire,1,articles/2026-05/20260511-e3babe/
20260511-8a8b15,"미 육군, Hunter WOLF UGV 포트폴크 인도",2026-05-11T15:38:51.850985+00:00,weapons,P2,original,2,articles/2026-05/20260511-8a8b15/
20260511-c4c13a,"북한, 지난해 가상자산 2조원 이상 탈취…역대 최대 규모",2026-05-11T15:55:47.487603+00:00,threats,P2,wire,1,articles/2026-05/20260511-c4c13a/
20260511-e312b3,"헤그세스·안규백, 전작권·핵잠수함 협력 회담",2026-05-11T15:56:26.365041+00:00,alliance,P2,original,2,articles/2026-05/20260511-e312b3/
20260511-0868f5,"미 육군, 방위산업체와 '통합 권리' 해커톤 스프린트 추진",2026-05-11T16:29:04.080301+00:00,defense_policy,P2,wire,1,articles/2026-05/20260511-0868f5/
20260511-109c72,우크라이나 북한군 포로 거취 둘러싼 국제법 쟁점 심화,2026-05-11T16:56:07.760875+00:00,geopolitics,P2,wire,1,articles/2026-05/20260511-109c72/
20260511-ef0728,"미 공군 C-5 갤럭시 수송기, 2050년까지 운용 연장…가동률 37%로 급락",2026-05-11T17:56:58.729554+00:00,weapons,P3,wire,1,articles/2026-05/20260511-ef0728/
20260511-5ca786,"우크라이나 드론 공격에 대응, 러시아 초계함에 방어망 설치",2026-05-11T18:39:53.243304+00:00,weapons,P2,wire,1,articles/2026-05/20260511-5ca786/
20260511-86c7f6,"미 해병대, 알래스카 순환배치로 북극 주둔 확대",2026-05-11T18:40:28.993783+00:00,operations,P3,wire,1,articles/2026-05/20260511-86c7f6/
20260511-6ae0e0,"헤그세스 미 국방장관, 한국 국방장관과 회담 예정…전작권·핵잠수함 협력 논의",2026-05-11T20:29:47.210848+00:00,alliance,P2,wire,1,articles/2026-05/20260511-6ae0e0/
20260511-b1f2dd,"미 해군, 전력공백 해소 위해 2026년 함정 건조 계획 추진",2026-05-11T20:37:49.425829+00:00,weapons,P3,wire,1,articles/2026-05/20260511-b1f2dd/
20260511-cafae8,"MQ-9, APKWS 레이저유도로켓으로 드론 격추 실증",2026-05-11T21:31:23.188392+00:00,tech,P2,original,2,articles/2026-05/20260511-cafae8/
20260511-d013e7,"일본, 뉴질랜드의 모가미급 호위함 관심 환영",2026-05-11T21:33:00.192258+00:00,alliance,P3,wire,1,articles/2026-05/20260511-d013e7/
20260511-cd1e5a,"러시아 10척 함대, 대마해협 통과해 동중국해 진입",2026-05-11T21:36:13.613867+00:00,geopolitics,P3,wire,1,articles/2026-05/20260511-cd1e5a/
20260511-8b6eb8,"미국·필리핀·일본·캐나다, 발리캐탄 훈련서 폐기함 2척 격침",2026-05-11T22:32:58.718294+00:00,operations,P2,wire,1,articles/2026-05/20260511-8b6eb8/
20260511-5ee504,"한미 국방장관, 전작권 이양·방위비 분담 논의",2026-05-12T00:00:47.416708+00:00,alliance,P3,wire,1,articles/2026-05/20260511-5ee504/
20260511-eabbb7,"미 특수전사령부, 상용 위성영상 실시간 전술 활용 테스트",2026-05-12T00:08:49.662692+00:00,operations,P2,wire,1,articles/2026-05/20260511-eabbb7/
20260512-ad943d,"미 해군, 핵추진 트럼프급 전함 건조 계획 공식 확인",2026-05-12T00:52:44.795757+00:00,weapons,P2,wire,1,articles/2026-05/20260512-ad943d/
20260512-71d6c2,"미 25사단, 필리핀서 JPMRC-X 훈련 개시…다국적군 참여",2026-05-12T00:55:57.812508+00:00,operations,P2,wire,1,articles/2026-05/20260512-71d6c2/
20260512-bb97ce,"미군, 5개 기지에 대드론 에너지 시스템 시범 배치",2026-05-12T01:35:10.886741+00:00,weapons,P3,wire,1,articles/2026-05/20260512-bb97ce/
20260512-3e2e55,"영국, 우크라이나 청소년 세뇌 혐의로 북한 송도원캠프 제재",2026-05-12T02:36:56.478548+00:00,geopolitics,P3,wire,1,articles/2026-05/20260512-3e2e55/
20260512-e24148,"미 공군, MQ-9 리퍼로 저가 공대공미사일 항공표적 격추 시연",2026-05-12T03:06:45.738609+00:00,weapons,P2,wire,1,articles/2026-05/20260512-e24148/
20260512-3ea28f,"조현 국방부 대변인 ""한국 선박 타격 비행체 잔해 곧 국내 도착""",2026-05-12T03:33:43.783977+00:00,threats,P2,wire,1,articles/2026-05/20260512-3ea28f/
20260512-9faaf1,"필리핀 퇴역함 격침한 일본, 발리캐탄 훈련서 미사일 이정표 달성",2026-05-12T03:36:55.246536+00:00,operations,P2,wire,1,articles/2026-05/20260512-9faaf1/
20260512-85e7ee,"우크라이나, 흑해 러시아 유류터미널 드론 공격 계속",2026-05-12T03:50:56.40819+00:00,operations,P2,wire,1,articles/2026-05/20260512-85e7ee/
20260512-392501,"북한, 헌법 개정으로 남북통일 문구 삭제·영토 조항 변경",2026-05-12T06:39:44.702483+00:00,geopolitics,P3,wire,1,articles/2026-05/20260512-392501/
20260512-95c5f4,"러시아의 네트워크 전쟁 전술, 우크라이나 전장서 검증",2026-05-12T06:42:56.312361+00:00,operations,P2,wire,1,articles/2026-05/20260512-95c5f4/
20260512-1ef6b3,"러시아·중국의 '법적 공세', 북극을 남중국해처럼 만든다",2026-05-12T08:01:33.953421+00:00,geopolitics,P3,wire,1,articles/2026-05/20260512-1ef6b3/
20260512-cfd982,"GE Aerospace, 차세대 전투기 엔진 XA102 조립 준비 검토 통과",2026-05-12T08:59:29.648371+00:00,weapons,P2,wire,1,articles/2026-05/20260512-cfd982/
20260512-64384f,"미 육군, 엘빗 시스템에 야간투시경 시스템 212백만 달러 계약",2026-05-12T09:00:07.893704+00:00,weapons,P2,wire,1,articles/2026-05/20260512-64384f/
20260512-b94b5d,"레이시온, 호주 모가미급 호위함용 SeaRAM 함포 공급",2026-05-12T09:00:56.471504+00:00,weapons,P3,wire,1,articles/2026-05/20260512-b94b5d/
20260512-dd23ca,"미 육군, HDT 로보틱스 헌터 울프 무인지상차량 도입 훈련 실시",2026-05-12T09:03:08.640251+00:00,weapons,P2,wire,1,articles/2026-05/20260512-dd23ca/
20260512-0aed69,"정부, 국방개혁 기본계획 수치 목표 폐지…'지속가능 운영' 중심으로 전환",2026-05-12T09:26:53.246753+00:00,defense_policy,P3,wire,1,articles/2026-05/20260512-0aed69/
20260512-bc9623,"한국·나토 방산협의체, 협력 분야·추진 방안 논의",2026-05-12T09:27:50.475381+00:00,alliance,P3,wire,1,articles/2026-05/20260512-bc9623/
20260512-ba34b4,나무호 타격 비행체 잔해 한국 도착 예정…국방부 정밀 조사,2026-05-12T09:29:39.130645+00:00,threats,P2,wire,1,articles/2026-05/20260512-ba34b4/
20260512-652f92,"미스터리 랜치, 베트남전 특수부대 유산 계승한 '블랙잭' 시리즈 백팩 출시",2026-05-12T10:31:52.88618+00:00,industry,P3,wire,1,articles/2026-05/20260512-652f92/
20260512-768fda,"폴란드, 하이드라 70mm 로켓 국내 생산 추진",2026-05-12T13:57:27.482339+00:00,industry,P2,wire,1,articles/2026-05/20260512-768fda/
20260512-9b4ccb,"폴란드, M28 브리자 경수송기 무장화 추진…드론 사냥용",2026-05-12T13:58:05.276236+00:00,weapons,P2,wire,1,articles/2026-05/20260512-9b4ccb/
20260512-2f2b35,"터키 아셀산, 네트워크형 대량생산 무기 성장 목표",2026-05-12T13:58:39.352989+00:00,weapons,P3,wire,1,articles/2026-05/20260512-2f2b35/
20260512-8c1ace,"미 해군, 보조함 해외 건조 추진 의회 설득",2026-05-12T13:59:20.869696+00:00,weapons,P3,wire,1,articles/2026-05/20260512-8c1ace/
20260512-53d829,"안두릴, 미 육군 미사일방어 C2 시스템 프로토타입 계약 수주",2026-05-12T13:59:51.745707+00:00,weapons,P2,wire,1,articles/2026-05/20260512-53d829/
20260512-57ef6b,"미 해군, 원거리 대잠 신무기 LRAW 개발 착수",2026-05-12T14:00:23.85156+00:00,weapons,P2,wire,1,articles/2026-05/20260512-57ef6b/
20260512-eac147,"한미 국방장관, 전작권 전환·동맹 현대화 협력 강화 합의",2026-05-12T14:26:51.327259+00:00,alliance,P3,wire,1,articles/2026-05/20260512-eac147/
20260512-8c3623,"NATO, 검증된 대드론 시스템 공급업체 풀 구성",2026-05-12T15:28:39.453794+00:00,defense_policy,P3,wire,1,articles/2026-05/20260512-8c3623/
20260512-f49fd5,"미 공군 MQ-9 리퍼, APKWS로 드론 격추 시연",2026-05-12T15:30:19.374708+00:00,weapons,P2,wire,1,articles/2026-05/20260512-f49fd5/
20260512-65fa26,"아이리스 테크놀로지, AN/PRC-163용 멀린 HH+ 라디오 어댑터 출시",2026-05-12T15:31:41.175783+00:00,weapons,P2,wire,1,articles/2026-05/20260512-65fa26/
20260512-40d8ea,"러시아 군사 퍼레이드, 권력 과시 의도와 달리 내부 취약성 노출",2026-05-12T15:41:53.690575+00:00,geopolitics,P3,wire,1,articles/2026-05/20260512-40d8ea/
20260512-3a8401,A-10 공격기의 현대전 적응성 논쟁,2026-05-12T15:44:29.678308+00:00,weapons,P3,wire,1,articles/2026-05/20260512-3a8401/
20260512-653fc4,"E-7A 웨지테일 사업 부활, 헤그세스 확인",2026-05-12T15:59:13.598551+00:00,defense_policy,P2,original,2,articles/2026-05/20260512-653fc4/
20260512-982f52,"호주 금융정보기관, 북한의 AI·가상자산 활용 자금조달 경고",2026-05-12T16:27:20.087486+00:00,threats,P2,wire,1,articles/2026-05/20260512-982f52/
20260512-e29256,"오스트리아, 미 공군 특수작전기 영공침범 주장",2026-05-12T16:27:56.276746+00:00,operations,P2,wire,1,articles/2026-05/20260512-e29256/
20260512-684577,AI 오류 발생 시 지도부가 인지할 수 있을까,2026-05-12T16:29:57.352807+00:00,doctrine,P2,wire,1,articles/2026-05/20260512-684577/
20260512-2ca874,"미 국방부, 이란전 비용 29억 달러로 추산…2주 전 대비 4억 달러 증가",2026-05-12T16:58:47.014532+00:00,defense_policy,P2,wire,1,articles/2026-05/20260512-2ca874/
20260512-bc3039,"호주, 45억 2천만 달러 국방예산 공개…AUKUS 지출 확대",2026-05-12T16:59:24.738516+00:00,defense_policy,P2,wire,1,articles/2026-05/20260512-bc3039/
20260512-940508,"영국 로트론, 스카이랜스 장거리 드론 발사 시험 성공",2026-05-12T17:26:22.492861+00:00,weapons,P2,wire,1,articles/2026-05/20260512-940508/
20260512-3357df,"미 국방부, 2027년 예산에서 E-7A 웨지테일 자금 편성",2026-05-12T17:29:43.825286+00:00,weapons,P3,wire,1,articles/2026-05/20260512-3357df/
20260512-7ab419,"우크라이나, 유럽 파트너와 대탄도미사일 연합 구성 추진",2026-05-12T17:30:39.518882+00:00,alliance,P2,wire,1,articles/2026-05/20260512-7ab419/
20260512-2db1b4,"쿠웨이트, 이란 혁명수비대의 부비얀섬 침투작전 적발",2026-05-12T17:31:27.593032+00:00,threats,P2,wire,1,articles/2026-05/20260512-2db1b4/
20260512-5fb0e9,"인도-베트남 브라모스 미사일 거래, 중국 견제 신호",2026-05-12T17:32:09.722004+00:00,weapons,P2,wire,1,articles/2026-05/20260512-5fb0e9/
20260512-b4f8fc,"미 남부사령부, 자율무기 전담 사령부 신설…카르텔 작전에 드론 활용",2026-05-12T17:55:17.437289+00:00,operations,P2,wire,1,articles/2026-05/20260512-b4f8fc/
20260512-d4912e,"일본 대함미사일, 필리핀 함정 격침 훈련 실시",2026-05-12T17:56:40.394243+00:00,operations,P2,wire,1,articles/2026-05/20260512-d4912e/
20260512-09523e,"영국, 북한 송도원 제재…우크라이나 아동 강제이주·재교육 관여 혐의",2026-05-12T18:26:56.280524+00:00,geopolitics,P3,wire,1,articles/2026-05/20260512-09523e/
20260512-dc3053,"한·미 국방장관, 전작권 이양·동맹 현대화 협의",2026-05-12T18:27:41.401522+00:00,alliance,P3,wire,1,articles/2026-05/20260512-dc3053/
20260512-2fd9a8,"미 공군, 함정 타격용 ARRW 극초음속미사일 신형 개발 추진",2026-05-12T18:29:34.993438+00:00,weapons,P2,wire,1,articles/2026-05/20260512-2fd9a8/
20260512-e76d6b,"미국, 이란과의 장기전 불가피...강경파 정권 입장 강화",2026-05-12T18:42:30.456353+00:00,geopolitics,P3,wire,1,articles/2026-05/20260512-e76d6b/
20260512-ac5fc0,골든 돔 20년 비용 최대 1.2조 달러,2026-05-12T18:56:03.718181+00:00,defense_policy,P2,original,2,articles/2026-05/20260512-ac5fc0/
20260512-0f4cb1,"이란 혁명수비대 해군, 호르무즈 해협 관할 범위 10배 확대 주장",2026-05-12T19:25:44.898301+00:00,geopolitics,P2,wire,1,articles/2026-05/20260512-0f4cb1/
20260512-d8e419,"미 공군, MQ-9 리퍼에 APKWS 레이저유도 로켓 장착 시험",2026-05-12T19:32:35.816835+00:00,weapons,P2,wire,1,articles/2026-05/20260512-d8e419/
20260512-fd4021,"이란 작전 비용 290억 달러, 의회 세부내역 요구",2026-05-12T19:59:07.106894+00:00,defense_policy,P3,original,2,articles/2026-05/20260512-fd4021/
20260512-c644ec,"우크라이나 포로 북한군, 북송 시 처형 위험 직면",2026-05-12T20:02:18.802759+00:00,geopolitics,P2,wire,1,articles/2026-05/20260512-c644ec/
20260512-f5f41d,"미군, 전장 부상병 수송 드론 NATO 훈련서 시험",2026-05-12T20:05:33.47897+00:00,weapons,P2,wire,1,articles/2026-05/20260512-f5f41d/
20260512-0fed34,"폴란드, 드론 사냥용 M28 스카이트럭 개조 추진",2026-05-12T20:28:25.760206+00:00,weapons,P3,wire,1,articles/2026-05/20260512-0fed34/
20260512-5db184,"엘빗 아메리카, 미 육군 야간투시경 독점 공급 계약 212억 달러 수주",2026-05-12T20:34:46.552964+00:00,industry,P2,wire,1,articles/2026-05/20260512-5db184/
20260512-48d0b4,"헤그세스 미 국방장관, 육군 항공기 예산 대폭 삭감안 재검토 시사",2026-05-12T20:59:08.97263+00:00,defense_policy,P2,wire,1,articles/2026-05/20260512-48d0b4/
20260512-b3612c,"미국, 동맹국과 '우주전 작전계획' 공동 수립 추진",2026-05-12T21:27:51.801084+00:00,operations,P2,wire,1,articles/2026-05/20260512-b3612c/
20260512-7885ec,"미 해병대, 정찰훈련 과정 개편…기술 중심 다영역작전 대비",2026-05-12T21:34:12.071944+00:00,operations,P2,wire,1,articles/2026-05/20260512-7885ec/
20260512-376186,"헤그세스 국방장관, 육군 개혁 및 항공 감축 재검토",2026-05-12T21:45:03.542303+00:00,defense_policy,P3,wire,1,articles/2026-05/20260512-376186/
20260512-405c03,"우크라, 러 전략항공 활동 증가 경고",2026-05-12T21:56:30.44319+00:00,geopolitics,P2,original,2,articles/2026-05/20260512-405c03/
20260512-5144db,"한미, 원잠 사업 조속 실무협의 추진 공감",2026-05-12T23:59:10.732357+00:00,alliance,P3,wire,1,articles/2026-05/20260512-5144db/
20260512-1dc4a2,트럼프 '황금돔' 미사일방어체계 20년간 1.2조 달러 소요 추정,2026-05-13T00:00:47.4397+00:00,defense_policy,P3,wire,1,articles/2026-05/20260512-1dc4a2/
20260512-b8bf99,"미 국방부, E-7 조기경보기 도입 필요성 재평가…이란 공격으로 입장 변화",2026-05-13T00:02:22.729494+00:00,weapons,P2,wire,1,articles/2026-05/20260512-b8bf99/
20260512-6e11a2,"김정은, 소화기 생산 현대화 지시…무기공장 순시",2026-05-13T00:07:11.014209+00:00,weapons,P3,wire,1,articles/2026-05/20260512-6e11a2/
20260512-0c4d36,"미 해군, 2032년까지 버지니아급 잠수함 연 2척 건조 목표",2026-05-13T00:08:46.441076+00:00,weapons,P2,wire,1,articles/2026-05/20260512-0c4d36/
20260513-dba941,"러시아, 사르마트 ICBM 올해 실전 배치 계획",2026-05-13T00:29:59.068797+00:00,weapons,P2,wire,1,articles/2026-05/20260513-dba941/
20260513-d9b2f5,미국 미사일 비축량 고갈 우려…이란전 39일 공중작전 후 재정비 필요,2026-05-13T00:36:19.406588+00:00,weapons,P2,wire,1,articles/2026-05/20260513-d9b2f5/
20260513-553547,"미 해군, 30년 조선 계획에 무인정 포함…2031년까지 450척 운영 목표",2026-05-13T00:44:24.403218+00:00,weapons,P2,wire,1,articles/2026-05/20260513-553547/
20260513-e4fc58,"우크라이나의 전장 네트워크 통합, 미군 능력 초과 — 미 육군장관 증언",2026-05-13T02:55:17.26658+00:00,doctrine,P2,wire,1,articles/2026-05/20260513-e4fc58/
20260513-9ceb5e,"미 국방부, 한국 사드 일부 반출 사전 계획 확인",2026-05-13T03:55:06.291109+00:00,alliance,P2,wire,1,articles/2026-05/20260513-9ceb5e/
20260513-002324,"헤그세스 국방장관, E-7 조기경보기 사업 지지로 입장 전환",2026-05-13T06:55:15.317041+00:00,weapons,P3,wire,1,articles/2026-05/20260513-002324/
20260513-89112a,"몽골, 이란식 모자이크 방어 전략 학습 필요",2026-05-13T06:56:55.135083+00:00,doctrine,P3,wire,1,articles/2026-05/20260513-89112a/
20260513-e50787,"미군 군사교육에 AI 도입 논의 심화, 성적 평가부터 검증 필요",2026-05-13T06:58:30.210739+00:00,doctrine,P3,wire,1,articles/2026-05/20260513-e50787/
20260513-0ac5d6,"부산 북항재개발, 주한미군 시설 이전 없으면 '미완성' 우려",2026-05-13T07:24:47.214728+00:00,geopolitics,P3,wire,1,articles/2026-05/20260513-0ac5d6/
20260513-2f8d6d,"스페인 인근 침몰 러시아 선박, 북한 향 핵부품 적재 추정",2026-05-13T07:26:14.379058+00:00,threats,P1,wire,1,articles/2026-05/20260513-2f8d6d/
20260513-edbf9d,라트비아 숲 지역에서 군용 무인지상차량 통신 문제 노출,2026-05-13T07:53:00.073486+00:00,operations,P2,wire,1,articles/2026-05/20260513-edbf9d/
20260513-1c73e5,"SubSea Craft, MARS 무인수상정 개량형 생산 개시",2026-05-13T07:53:49.958769+00:00,weapons,P3,wire,1,articles/2026-05/20260513-1c73e5/
20260513-603e60,"트럼프 재집권 시점, 중국의 국력 대폭 강화된 상태",2026-05-13T07:54:40.973752+00:00,geopolitics,P3,wire,1,articles/2026-05/20260513-603e60/
20260513-92b3d2,"한국 국방부장관, 북한 유사시 작전통제권 이양 시기 놓고 미국과 입장차 인정",2026-05-13T07:55:32.662604+00:00,alliance,P3,wire,1,articles/2026-05/20260513-92b3d2/
20260513-084746,"미 공군, 전투기·드론 조종사 훈련 권한을 공중전투사령부로 이관",2026-05-13T07:56:07.453455+00:00,operations,P3,wire,1,articles/2026-05/20260513-084746/
20260513-382e3b,미국 이란 작전 비용 290억 달러로 증가,2026-05-13T07:56:46.799966+00:00,geopolitics,P3,wire,1,articles/2026-05/20260513-382e3b/
20260513-230cf0,"젤렌스키 ""현재 러시아 드론 100대 이상 우크라이나 상공에 있어""",2026-05-13T07:57:26.942801+00:00,threats,P2,wire,1,articles/2026-05/20260513-230cf0/
20260513-4e03f6,"미국, 인지 영역 우위 확보 위해 의사결정 체계 강화 필요",2026-05-13T07:57:53.516195+00:00,doctrine,P3,wire,1,articles/2026-05/20260513-4e03f6/
20260513-17bca5,"허깅페이스 AI 모델, 토크나이저 파일 조작으로 무기화 가능",2026-05-13T07:58:38.697538+00:00,tech,P2,wire,1,articles/2026-05/20260513-17bca5/
20260513-051bf4,"우크라이나 장거리 드론, 러시아의 광활한 영토를 약점으로 전환",2026-05-13T07:59:16.683741+00:00,operations,P3,wire,1,articles/2026-05/20260513-051bf4/
20260513-0cc1ae,호르무즈 해협 유조선 피해에 동남아 국가들 개별 대응,2026-05-13T07:59:55.970943+00:00,geopolitics,P3,wire,1,articles/2026-05/20260513-0cc1ae/
20260513-a0674b,"호주, 국방예산 증액 중 173억 호주달러 규모 미결정",2026-05-13T08:00:56.325393+00:00,defense_policy,P3,wire,1,articles/2026-05/20260513-a0674b/
20260513-0bd24a,"미 육군, 리투아니아서 MatrixSpace 드론 감시 센서 평가",2026-05-13T08:21:57.575535+00:00,operations,P3,wire,1,articles/2026-05/20260513-0bd24a/
20260513-bf5c25,"독일 전자전 기업 아로니아, 드론 대응 방향탐지 솔루션 공개",2026-05-13T08:23:42.117554+00:00,weapons,P3,wire,1,articles/2026-05/20260513-bf5c25/
20260513-f6289c,"한국 공군, 실탄훈련 감소가 대북 외교와 무관하다고 부인",2026-05-13T08:24:22.545758+00:00,operations,P3,wire,1,articles/2026-05/20260513-f6289c/
20260513-82d200,"청와대, 고성능 AI 기반 사이버 위협 대응 논의",2026-05-13T09:23:55.182615+00:00,threats,P3,wire,1,articles/2026-05/20260513-82d200/
20260513-f04f39,"방위사업청, 방산수출 연계 '대응구매' 제도화 추진",2026-05-13T09:24:53.10963+00:00,industry,P3,wire,1,articles/2026-05/20260513-f04f39/
20260513-d75171,"한화에어로스페이스, 에스토니아에 천무 다연장로켓 3문 추가 공급",2026-05-13T09:25:32.228359+00:00,industry,P2,wire,1,articles/2026-05/20260513-d75171/
20260513-8f9cdb,"수방사, 대드론 챌린지 개최…민간 첨단기술과 군 작전 경험 결합",2026-05-13T09:26:09.160778+00:00,operations,P3,wire,1,articles/2026-05/20260513-8f9cdb/
20260513-7d1cd9,"우크라이나로부터 7,400km 떨어진 러시아 태평양 핵잠수함기지, 대드론 방어시설 강화",2026-05-13T09:26:50.807585+00:00,threats,P3,wire,1,articles/2026-05/20260513-7d1cd9/
20260513-d2530e,북한 헌법 개정으로 영토 재정의…한반도 해역 분쟁 해결 어려울 전망,2026-05-13T09:27:27.892082+00:00,geopolitics,P3,wire,1,articles/2026-05/20260513-d2530e/
20260513-ce3f55,명확성 추구의 함정…군사 의사결정의 숨은 비용,2026-05-13T09:28:46.910185+00:00,doctrine,P3,wire,1,articles/2026-05/20260513-ce3f55/
20260513-5849f9,"우크라이나 자체 제작 '차클룬' 드론, 작전 성공률 88~100% 달성",2026-05-13T09:29:23.74413+00:00,weapons,P3,wire,1,articles/2026-05/20260513-5849f9/
20260513-dea1eb,"미 육군, 보병여단에 장거리 대전차 능력 부여…'로그 1' 선정",2026-05-13T09:34:32.659579+00:00,weapons,P2,wire,1,articles/2026-05/20260513-dea1eb/
20260513-4823d8,"우크라이나, 러시아 미사일 생산 관련 기업에 제재 단행",2026-05-13T09:35:22.384774+00:00,geopolitics,P3,wire,1,articles/2026-05/20260513-4823d8/
20260513-f7c33c,"미 해군, 트럼프급 전함에 포드급 항모와 동일 원자로 탑재",2026-05-13T10:21:42.674544+00:00,weapons,P2,wire,1,articles/2026-05/20260513-f7c33c/
20260513-3b74fc,"영국 해군, 북극·발트해 러시아 견제 10개국 연합 태스크포스 구성",2026-05-13T10:22:36.210264+00:00,operations,P3,wire,1,articles/2026-05/20260513-3b74fc/
20260513-1c4708,"핵군축 회의, 이란 부의장 선출로 신뢰성 훼손",2026-05-13T10:23:06.747772+00:00,geopolitics,P3,wire,1,articles/2026-05/20260513-1c4708/
20260513-22f04b,"파키스탄 육군참모총장, 미-이란 비밀 중재 채널 주도",2026-05-13T10:52:22.158286+00:00,geopolitics,P3,wire,1,articles/2026-05/20260513-22f04b/
20260513-dd785c,"이스라엘 DSIT, 다층 수중위협 탐지체계 공개",2026-05-13T11:29:15.735882+00:00,weapons,P3,wire,1,articles/2026-05/20260513-dd785c/
20260513-ea74f2,"우크라이나 전장 네트워크 통합, 미군 능력 앞선다",2026-05-13T11:30:05.133035+00:00,doctrine,P2,wire,1,articles/2026-05/20260513-ea74f2/
20260513-8cda00,"미군, 무장 로봇견 특수작전 평가 승인",2026-05-13T12:34:11.00628+00:00,weapons,P2,wire,1,articles/2026-05/20260513-8cda00/
20260513-ae9949,"미 육군, GPS 없이 전파 위협 추적하는 자율 전자전 드론 평가",2026-05-13T12:35:06.641304+00:00,weapons,P2,wire,1,articles/2026-05/20260513-ae9949/
20260513-eca396,"베트남전 해군 특수전 부대의 선택, 스토너 63 경기관총",2026-05-13T12:35:51.858693+00:00,history,P4,wire,1,articles/2026-05/20260513-eca396/
20260513-31c9ff,"미 공군, 이동 표적 타격 가능한 ARRW 극초음속미사일 신형 개발 추진",2026-05-13T12:36:27.388411+00:00,weapons,P2,wire,1,articles/2026-05/20260513-31c9ff/
20260513-7e5df8,"미 공군, MQ-9 리퍼에 APKWS 유도로켓 시험 발사",2026-05-13T12:37:02.181069+00:00,weapons,P2,wire,1,articles/2026-05/20260513-7e5df8/
20260513-de3411,"미 특수작전사령부, Reveal사 생체인식 시스템 정식 채택",2026-05-13T12:59:00.133215+00:00,weapons,P2,wire,1,articles/2026-05/20260513-de3411/
20260513-ff9ec9,"젤렌스키, 유럽 90억 유로 지원 패키지 6월 초 가동 희망",2026-05-13T12:59:49.443826+00:00,geopolitics,P3,wire,1,articles/2026-05/20260513-ff9ec9/
20260513-8bca54,"공격 73초, 패치 24시간…자동 검증 방어 시스템 필요성 대두",2026-05-13T13:00:22.958479+00:00,tech,P3,wire,1,articles/2026-05/20260513-8bca54/
20260513-31a734,"미 유럽사령부, 발트해 훈련서 성층권 풍선 시험",2026-05-13T13:01:02.452718+00:00,operations,P2,wire,1,articles/2026-05/20260513-31a734/
20260513-d0267d,"미 해병대, 연내 전군 AI 교육 의무화",2026-05-13T14:29:45.517256+00:00,doctrine,P2,original,2,articles/2026-05/20260513-d0267d/
20260513-e6a5e9,"영국, 호르무즈 해협 안보 다국적 임무에 드론·전투기·구축함 배치",2026-05-13T14:30:31.839127+00:00,operations,P2,wire,1,articles/2026-05/20260513-e6a5e9/
20260513-8785d3,멕시코·브라질 대상 AI 에이전트 활용 맞춤형 해킹 도구 자동 생성,2026-05-13T14:31:10.317486+00:00,threats,P2,wire,1,articles/2026-05/20260513-8785d3/
20260513-9428c7,"중국 연계 APT '페이머스스패로우', 아제르바이잔 에너지 기업 반복 공격",2026-05-13T14:31:43.664472+00:00,threats,P2,wire,1,articles/2026-05/20260513-9428c7/
20260513-3d3977,"브런슨 주한미군사령관 ""전작권 전환 위해 외교·대비 태세 병행 필요""",2026-05-13T15:34:46.747999+00:00,alliance,P3,wire,1,articles/2026-05/20260513-3d3977/
20260513-9db91c,"우크라이나군, 중국산 FN-16 휴대용 방공미사일 운용 확인",2026-05-13T15:35:35.384129+00:00,weapons,P3,wire,1,articles/2026-05/20260513-9db91c/
20260513-4b4d3c,"미 특수전사령부, 자체 장비 개조 불가능에 불만",2026-05-13T15:36:17.308565+00:00,doctrine,P2,wire,1,articles/2026-05/20260513-4b4d3c/
20260513-97a114,"미 국방혁신부, 드론 기술 검증 역할 유지하되 생산 확대는 내부 개혁 강조",2026-05-13T15:37:11.275448+00:00,defense_policy,P3,wire,1,articles/2026-05/20260513-97a114/
20260513-6d7b37,"미 해병대, AI 실전 활용 교육과정 신설",2026-05-13T15:37:48.293345+00:00,doctrine,P3,wire,1,articles/2026-05/20260513-6d7b37/
20260513-357596,"북한 핵 복합시설 확장, 러시아 연계 추적",2026-05-13T15:38:23.264253+00:00,threats,P2,wire,1,articles/2026-05/20260513-357596/
20260513-547d25,"러시아, 이란에 광섬유 드론·훈련 체계 제공 계획 유출",2026-05-13T15:38:54.071999+00:00,geopolitics,P2,wire,1,articles/2026-05/20260513-547d25/
20260513-397281,"미 국방부, 용기형 미사일 1만발 이상 획득 협약 체결",2026-05-13T15:58:59.330785+00:00,weapons,P2,wire,1,articles/2026-05/20260513-397281/
20260513-99c2b6,"미 특수작전사령부, 에픽퓨리 작전서 AI 도구로 항공기 손실 감소",2026-05-13T15:59:47.295322+00:00,operations,P2,wire,1,articles/2026-05/20260513-99c2b6/
20260513-7e6448,"미 특수전사령부, 자체 장비 개조 불가에 '답답함' 표현",2026-05-13T16:00:26.647414+00:00,operations,P2,wire,1,articles/2026-05/20260513-7e6448/
20260513-f9c310,미 해병대 양서류전투차량(ACV) 의회 보고서 공개,2026-05-13T16:01:04.341684+00:00,weapons,P3,wire,1,articles/2026-05/20260513-f9c310/
20260513-12aed8,"젤렌스키 ""러시아 드론 공격 후 미사일 발사 가능성""",2026-05-13T16:01:44.643702+00:00,threats,P2,wire,1,articles/2026-05/20260513-12aed8/
20260513-d3dfa1,"이스라엘, FPV 드론 자체 생산 공장 건설 추진",2026-05-13T16:28:45.840576+00:00,weapons,P2,wire,1,articles/2026-05/20260513-d3dfa1/
20260513-7bdc26,"미 특수전 지휘관들, 장비 자체 개조 불가에 불만",2026-05-13T16:29:32.210651+00:00,weapons,P2,wire,1,articles/2026-05/20260513-7bdc26/
20260513-0bed39,"우크라이나, 러시아의 유럽 진출 저지한 안보보장국 역할 수행 중",2026-05-13T16:30:17.356631+00:00,geopolitics,P3,wire,1,articles/2026-05/20260513-0bed39/
20260513-af13a9,"미 육군, 폴란드 배치 4,000명 병력 배포 중단",2026-05-13T18:35:38.814559+00:00,operations,P2,wire,1,articles/2026-05/20260513-af13a9/
20260513-9dcb65,"미 해병대, 차량 지속정비 강화로 전력 유지 추진",2026-05-13T18:36:26.829466+00:00,defense_policy,P3,wire,1,articles/2026-05/20260513-9dcb65/
20260513-fd89ce,미국 우주 미사일 방어 '골든돔' 구상 1조 2000억 달러 규모로 추정,2026-05-13T18:37:04.804959+00:00,weapons,P3,wire,1,articles/2026-05/20260513-fd89ce/
20260513-dddc86,대만은 '모범 동맹국'…안보를 거래 수단으로 삼아선 안 된다,2026-05-13T18:37:53.766813+00:00,geopolitics,P3,wire,1,articles/2026-05/20260513-dddc86/
20260513-d6ea5b,"미 육군사관학교, AI 평가·활용 능력 향상 훈련 가능 연구결과",2026-05-13T18:38:28.635378+00:00,doctrine,P3,wire,1,articles/2026-05/20260513-d6ea5b/
20260513-b360d8,"인도태평양 방공 역할 급변...미군 사령관 ""과거와 완전히 달라""",2026-05-13T18:39:04.176708+00:00,operations,P3,wire,1,articles/2026-05/20260513-b360d8/
20260513-2c203a,"스웨덴 사브, 바라쿠다 판초 위장복 공개",2026-05-13T18:40:51.878182+00:00,weapons,P3,wire,1,articles/2026-05/20260513-2c203a/
20260513-f414b7,"미 우주사령부, 동맹국과 궤도전 작전계획 수립 추진",2026-05-13T18:41:28.004614+00:00,operations,P2,wire,1,articles/2026-05/20260513-f414b7/
20260513-24e143,미 공군 MQ-9 리퍼 전력 135대로 감소…이란 전투 손실,2026-05-13T18:59:29.012794+00:00,weapons,P2,wire,1,articles/2026-05/20260513-24e143/
20260513-404a9c,"L3Harris, 휴대용 무전기를 드론 재밍 장비로 전환",2026-05-13T19:02:20.611711+00:00,weapons,P2,wire,1,articles/2026-05/20260513-404a9c/
20260513-531801,"러·중·이란, 라틴아메리카서 범죄조직 활용한 하이브리드전 전개",2026-05-13T19:02:58.693535+00:00,geopolitics,P3,wire,1,articles/2026-05/20260513-531801/
20260513-20d647,"윈도우 BitLocker 제로데이 취약점 공개, 보호된 드라이브 접근 가능",2026-05-13T19:03:37.709531+00:00,tech,P2,wire,1,articles/2026-05/20260513-20d647/
20260513-4a21b1,"미 육군, 폴란드 4,000명 전개 전격 취소",2026-05-13T20:00:03.8527+00:00,alliance,P2,original,2,articles/2026-05/20260513-4a21b1/
20260513-b5bb5b,"미국방부 ""주한미군 사드 중동 차출은 계획된 조치""",2026-05-13T20:02:03.652009+00:00,alliance,P2,wire,1,articles/2026-05/20260513-b5bb5b/
20260513-5e8e5f,"우크라이나군, 러시아 메를린-VR 정찰드론 격파",2026-05-13T20:03:12.190141+00:00,operations,P3,wire,1,articles/2026-05/20260513-5e8e5f/
20260513-6c2367,"미 하원, 우크라이나 13억 달러 군사원조 법안 표결 강제",2026-05-13T20:04:42.558595+00:00,alliance,P3,wire,1,articles/2026-05/20260513-6c2367/
20260513-5d18f0,미 해군 7월 자금 고갈 경고…훈련·작전 조정 불가피,2026-05-13T21:01:13.454709+00:00,defense_policy,P2,wire,1,articles/2026-05/20260513-5d18f0/
20260513-6fc9fc,"미 하원 외교위, 대만 무기판매 포함 3건 법안 승인",2026-05-13T21:02:32.678006+00:00,weapons,P2,wire,1,articles/2026-05/20260513-6fc9fc/
20260513-a36ec0,"미 국방부, 저가형 순항미사일 1만 발 3년 내 도입 계획",2026-05-13T21:03:46.846531+00:00,weapons,P2,wire,1,articles/2026-05/20260513-a36ec0/
20260513-e801b6,"미 해안경비대, 북극 쇄빙함 함대 확충에 35억 달러 투자",2026-05-13T21:04:23.902757+00:00,weapons,P2,wire,1,articles/2026-05/20260513-e801b6/
20260513-c6c7de,"호주 해군, PteroDynamics의 Transwing VTOL 드론 도입 계약",2026-05-13T21:05:51.257638+00:00,weapons,P2,wire,1,articles/2026-05/20260513-c6c7de/
20260513-d394d6,"영국, 호르무즈 해협 파견 병력에 구축함·드론 방어체계 포함",2026-05-13T21:06:31.683907+00:00,operations,P2,wire,1,articles/2026-05/20260513-d394d6/
20260513-4e4010,"우크라이나 전선 하루 187건 교전, 포크롭스크·훌리아이폴레 지역 격전",2026-05-13T21:07:05.858162+00:00,operations,P2,wire,1,articles/2026-05/20260513-4e4010/
20260513-998710,"인도태평양 국가들, 북극 안보 중요성 인식 높아져",2026-05-13T21:07:47.165908+00:00,geopolitics,P3,wire,1,articles/2026-05/20260513-998710/
20260513-3c16f7,"미 해안경비대, 북극 쇄빙함 5척 건조에 35억 달러 계약",2026-05-13T21:35:18.741819+00:00,weapons,P2,wire,1,articles/2026-05/20260513-3c16f7/
20260513-33bb39,"스테디콥터, 골든이글 무인헬기 '모함선' 개념 공개",2026-05-13T21:37:40.286519+00:00,weapons,P2,wire,1,articles/2026-05/20260513-33bb39/
20260514-25e9e1,"한미 국방협의체 개최, 전작권 전환 시기 조율",2026-05-14T00:36:30.700222+00:00,alliance,P3,wire,1,articles/2026-05/20260514-25e9e1/
20260514-a7c1b0,"미 육군 장성 ""인태 평화, 산업 확대·동맹 부담 공유 필수""",2026-05-14T00:37:31.604807+00:00,alliance,P3,wire,1,articles/2026-05/20260514-a7c1b0/
20260514-c36899,"미 에너지장관 ""이란, 핵무기 개발까지 수주 남았다""",2026-05-14T00:38:07.841842+00:00,threats,P2,wire,1,articles/2026-05/20260514-c36899/
20260514-369dce,"미 국방부, 폴란드 배치 중인 육군 여단 배치 취소",2026-05-14T00:39:01.736207+00:00,operations,P2,wire,1,articles/2026-05/20260514-369dce/
20260514-01bebd,미 11공수사단 드론 통합 야간 사격훈련 실시,2026-05-14T00:39:45.224565+00:00,operations,P2,wire,1,articles/2026-05/20260514-01bebd/
20260514-fc87f1,"우크라이나 보안국, 러시아군 위해 스타링크 단말 등록한 탈영병 체포",2026-05-14T00:40:35.053275+00:00,threats,P2,wire,1,articles/2026-05/20260514-fc87f1/
20260514-4c3b89,"이란 연계 해킹 그룹, 한국 대형 전자업체 포함 9개 기관 표적",2026-05-14T00:41:11.118234+00:00,threats,P2,wire,1,articles/2026-05/20260514-4c3b89/
20260514-9ad903,"미 국방부, 저가형 순항미사일 대량생산 프로그램 추진",2026-05-14T01:06:30.426191+00:00,weapons,P2,wire,1,articles/2026-05/20260514-9ad903/
20260514-e834be,"美 싱크탱크 ""북한 서해 제한적 핵도발 가능""",2026-05-14T03:35:14.584061+00:00,threats,P2,original,2,articles/2026-05/20260514-e834be/
20260514-72d853,미군 '인지전' 핵심 전장으로 규정…인간 정신 우위 경쟁 심화,2026-05-14T03:36:43.005397+00:00,doctrine,P3,wire,1,articles/2026-05/20260514-72d853/
20260514-7b069a,"NATO, 유럽 내 '확고한 억제 2026' 훈련 종료",2026-05-14T03:37:20.242914+00:00,operations,P3,wire,1,articles/2026-05/20260514-7b069a/
20260514-3f2f3a,"미 공군, MQ-9 후속 차세대 무인기 요구도 공개",2026-05-14T06:35:32.354945+00:00,weapons,P2,original,2,articles/2026-05/20260514-3f2f3a/
20260514-1416b5,"우크라이나 방공, 러시아 미사일 41발·드론 652대 격추",2026-05-14T06:36:56.480407+00:00,operations,P2,wire,1,articles/2026-05/20260514-1416b5/
20260514-88b811,국방분야 양자기술 활용 현황 분석,2026-05-14T07:36:18.340954+00:00,tech,P3,wire,1,articles/2026-05/20260514-88b811/
20260514-4b2dc5,"한미, 통합국방협의체 회의 개최…전작권 이양 등 협력 방안 논의",2026-05-14T07:37:08.109218+00:00,alliance,P3,wire,1,articles/2026-05/20260514-4b2dc5/
20260514-1341d8,"주한미군 일부 부대, 필리핀 다국적 훈련 참가",2026-05-14T07:37:49.084973+00:00,operations,P2,wire,1,articles/2026-05/20260514-1341d8/
20260514-a26838,대만 방어 전략으로 저비용 신기술 활용 논의 확산,2026-05-14T07:39:02.092949+00:00,doctrine,P3,wire,1,articles/2026-05/20260514-a26838/
20260514-ac7d6a,"우크라이나 전선 24시간 241건 전투 발생, 포크롭스크·훌리아이폴레 지역 격전",2026-05-14T07:39:36.079111+00:00,operations,P2,wire,1,articles/2026-05/20260514-ac7d6a/
20260514-be06ef,"미국·카메룬, 오방게임 익스프레스 2026에서 무인시스템 활용한 해양안보 강화",2026-05-14T07:40:09.310861+00:00,operations,P3,wire,1,articles/2026-05/20260514-be06ef/
20260514-7600ac,"폴란드, 슬로바키아 포탑 장착 보르수크 수출형 공개",2026-05-14T08:06:24.980169+00:00,weapons,P3,wire,1,articles/2026-05/20260514-7600ac/
20260514-c7cf5a,"일본, 인도네시아에 모가미급 호위함·잠수함 제공 제안",2026-05-14T08:07:13.784852+00:00,alliance,P2,wire,1,articles/2026-05/20260514-c7cf5a/
20260514-595e55,"미 특수전사령부, 인질구출 작전에 사이버 역량 30분 내 투입",2026-05-14T08:07:46.290585+00:00,operations,P2,wire,1,articles/2026-05/20260514-595e55/
20260514-4f468d,"SKT-국방부 협력, 군 AI 전환 가속화",2026-05-14T09:06:21.342417+00:00,defense_policy,P2,wire,1,articles/2026-05/20260514-4f468d/
20260514-047d0a,"우크라이나 기업, 전선용 AI 드론 탐지 소프트웨어 개발",2026-05-14T09:07:12.567771+00:00,tech,P2,wire,1,articles/2026-05/20260514-047d0a/
20260514-0f0232,"L3Harris, 전술무선기를 AI 드론 탐지 센서로 전환",2026-05-14T09:07:50.38633+00:00,weapons,P2,wire,1,articles/2026-05/20260514-0f0232/
20260514-52884a,"미 공군 전직 장성, 차세대 방공미사일 방어 체계 전환 촉구",2026-05-14T09:08:34.985266+00:00,doctrine,P3,wire,1,articles/2026-05/20260514-52884a/
20260514-e48021,"국방기술품질원, 루마니아와 군수품 품질보증협정 체결",2026-05-14T09:35:36.843552+00:00,industry,P3,wire,1,articles/2026-05/20260514-e48021/
20260514-1c97f6,"해군1함대, 한미 연합·합동 해양훈련 실시…동해상 즉응태세 확립",2026-05-14T09:36:25.132668+00:00,operations,P3,wire,1,articles/2026-05/20260514-1c97f6/
20260514-1266e6,"공군, 2030년대 초 AI 협업 무인전투체계 구축 추진",2026-05-14T09:37:05.97872+00:00,weapons,P2,wire,1,articles/2026-05/20260514-1266e6/
20260514-79f86e,"미 육군 11공수사단, 알래스카 기지서 드론 대응 훈련 실시",2026-05-14T09:37:46.207102+00:00,operations,P2,wire,1,articles/2026-05/20260514-79f86e/
20260514-bc53f4,"러시아, 우크라이나에 1,560대 드론 집중 공격…2일간 최대 규모",2026-05-14T09:38:18.76851+00:00,operations,P2,wire,1,articles/2026-05/20260514-bc53f4/
20260514-454a27,"공군 사천기지, KF-21 보라매 연간 20대 생산 능력 확보",2026-05-14T12:07:18.140288+00:00,weapons,P3,wire,1,articles/2026-05/20260514-454a27/
20260514-efc4d8,"UAE, 제트 추진 자살 드론 'SHADOW 25' 시험 공개",2026-05-14T12:08:07.60637+00:00,weapons,P2,wire,1,articles/2026-05/20260514-efc4d8/
20260514-10e26b,"일본, 필리핀 영토에서 처음으로 미사일 발사",2026-05-14T12:08:37.290604+00:00,operations,P2,wire,1,articles/2026-05/20260514-10e26b/
20260514-1c1cc7,"영국, RCH 155 자주포 13억 5천만 달러 규모 도입 추진",2026-05-14T12:09:13.395072+00:00,weapons,P3,wire,1,articles/2026-05/20260514-1c1cc7/
20260514-5f5c7a,"이스라엘군, FPV 드론 위협 대응 기술 개발 경쟁",2026-05-14T12:09:46.085243+00:00,weapons,P2,wire,1,articles/2026-05/20260514-5f5c7a/
20260514-b3ef9c,"위성 영상, 남부 레바논 46개 마을 파괴 확인",2026-05-14T12:10:35.867108+00:00,geopolitics,P3,wire,1,articles/2026-05/20260514-b3ef9c/
20260514-5d5ef3,"미 육군 장군 ""인도태평양 평화, 산업 확대·동맹 부담 분담 필수""",2026-05-14T12:11:12.484916+00:00,geopolitics,P3,wire,1,articles/2026-05/20260514-5d5ef3/
20260514-d5cc1a,"Beyond Clothing, 극저온 작전용 'Chosin Collection' L8 시스템 공개",2026-05-14T12:11:49.120203+00:00,weapons,P3,wire,1,articles/2026-05/20260514-d5cc1a/
20260514-09a8d4,미 육군 극초음속미사일 'Dark Eagle' 전투배치 단계로 진입,2026-05-14T12:12:26.511658+00:00,weapons,P2,wire,1,articles/2026-05/20260514-09a8d4/
20260514-61edab,러시아 공격으로 키이우서 최소 20명 실종,2026-05-14T12:13:10.761104+00:00,threats,P1,wire,1,articles/2026-05/20260514-61edab/
20260514-b596d5,미국의 이란 외교 집중 속 중러 기회주의 위협 증대,2026-05-14T12:13:50.861624+00:00,geopolitics,P2,wire,1,articles/2026-05/20260514-b596d5/
20260514-a2b86a,"미 정보기관, 분석 기법 현대화로 의사결정 우위 확보 필요",2026-05-14T12:14:32.24193+00:00,doctrine,P3,wire,1,articles/2026-05/20260514-a2b86a/
20260514-2cdcdc,"영국, RCH 155 자주포 72문 도입 계약 체결",2026-05-14T12:35:42.201849+00:00,weapons,P2,wire,1,articles/2026-05/20260514-2cdcdc/
20260514-af3475,"우크라이나, NATO 연동 저비용 탄도미사일 요격체계 '프레야' 공개",2026-05-14T12:36:23.528195+00:00,weapons,P2,wire,1,articles/2026-05/20260514-af3475/
20260514-93eebc,"케네디 대통령, 1961년 베트남에 그린베레 400명 파견",2026-05-14T12:37:09.287996+00:00,history,P3,wire,1,articles/2026-05/20260514-93eebc/
20260514-3f8780,"이란 연계 해킹 조직, 미군 장병 가족 정보 유출",2026-05-14T12:37:49.554693+00:00,threats,P2,wire,1,articles/2026-05/20260514-3f8780/
20260514-8c1a88,"KongTuke 해킹 조직, 마이크로소프트 팀즈로 기업 침투 시도",2026-05-14T12:38:30.990949+00:00,threats,P2,wire,1,articles/2026-05/20260514-8c1a88/
20260514-56f7d0,"레드캣, 블루옵스 무인정에 다중궤도 위성통신 통합",2026-05-14T14:05:53.929934+00:00,weapons,P3,wire,1,articles/2026-05/20260514-56f7d0/
20260514-0d050e,"미 해군, 2027~2031년 잠수함 전력에 1249억 달러 투자",2026-05-14T14:07:12.972896+00:00,weapons,P2,wire,1,articles/2026-05/20260514-0d050e/
20260514-a36fe5,"이란, 오만만의 '부유식 무기고' 선박 나포",2026-05-14T14:08:10.063982+00:00,geopolitics,P2,wire,1,articles/2026-05/20260514-a36fe5/
20260514-c88307,"우크라이나 무인시스템군, 러시아 방공체계·통신시설 격파",2026-05-14T14:08:41.9065+00:00,operations,P3,wire,1,articles/2026-05/20260514-c88307/
20260514-60f757,"USS 도리스 밀러 항모 건조 지연, 미국 항모전력 약화 신호",2026-05-14T14:09:17.229623+00:00,weapons,P2,wire,1,articles/2026-05/20260514-60f757/
20260514-e4ff2a,"미국, 이라크와의 무장충돌 '국제전' 전환 아직",2026-05-14T14:09:50.908914+00:00,geopolitics,P3,wire,1,articles/2026-05/20260514-e4ff2a/
20260514-143a99,"미국 방산업체 연합, 경량차량 탑재 드론·대장갑 복합 시스템 개발",2026-05-14T15:36:01.275178+00:00,weapons,P2,wire,1,articles/2026-05/20260514-143a99/
20260514-9e2dfc,"우크라이나 무인지상차량 '심바', NATO 발트해 훈련서 야간작전 성공",2026-05-14T15:36:52.079718+00:00,weapons,P2,wire,1,articles/2026-05/20260514-9e2dfc/
20260514-d3354d,"UAE 방위산업체 EDGE, 이탈리아 엔진 제조사 지분 인수",2026-05-14T15:37:35.555043+00:00,industry,P3,wire,1,articles/2026-05/20260514-d3354d/
20260514-89d568,미국의 소말리아 대테러작전 10년 데이터 공개…'공식 선언 없는 전쟁' 실태 드러나,2026-05-14T15:38:15.943485+00:00,operations,P3,wire,1,articles/2026-05/20260514-89d568/
20260514-8ce350,"우크라이나군, 벨고로드 지역 러시아 방공체계·레이더 격파",2026-05-14T15:38:54.32758+00:00,operations,P3,wire,1,articles/2026-05/20260514-8ce350/
20260514-a56b5f,"주한 네덜란드대사 ""북러 군사협력, 유럽 안보 직접 영향""",2026-05-14T18:36:31.305434+00:00,geopolitics,P3,wire,1,articles/2026-05/20260514-a56b5f/
20260514-68ba11,"BAE Systems, 드론 격추용 다영역포 시스템 공개",2026-05-14T18:37:21.946032+00:00,weapons,P2,wire,1,articles/2026-05/20260514-68ba11/
20260514-2c91b6,"우크라이나, 국내 무기 수출 정책 재검토…전선 수급과 부패 우려 사이",2026-05-14T18:37:57.574304+00:00,defense_policy,P3,wire,1,articles/2026-05/20260514-2c91b6/
20260514-ca391a,미 SOCOM 예산 240억 달러 확대 필요 주장,2026-05-14T18:38:38.519748+00:00,defense_policy,P2,wire,1,articles/2026-05/20260514-ca391a/
20260514-b680e0,"이스라엘, F-35I 아디르에 외부 연료탱크 장착",2026-05-14T18:39:21.95852+00:00,weapons,P2,wire,1,articles/2026-05/20260514-b680e0/
20260514-1fbb94,"퀀텀스페이스, 연 1,000기 위성 생산 공장 건설",2026-05-14T18:39:55.491639+00:00,industry,P3,wire,1,articles/2026-05/20260514-1fbb94/
20260514-143163,"전직 네이비실, CIA 입사 배경조사 과정 공개",2026-05-14T18:40:24.749605+00:00,operations,P3,wire,1,articles/2026-05/20260514-143163/
20260514-647589,"갈비온, SOF 위크 2026서 CORTEX EVO 통합 헤드 시스템 공개",2026-05-14T18:41:00.524295+00:00,weapons,P2,wire,1,articles/2026-05/20260514-647589/
20260514-44e643,"벨라루스 국가 해킹조직 'FrostyNeighbor', 폴란드·우크라이나 정부기관 표적",2026-05-14T18:41:35.212962+00:00,threats,P2,wire,1,articles/2026-05/20260514-44e643/
20260514-45f8b6,"미 국방부, 소형 순항미사일 1만 발 도입 추진",2026-05-14T21:37:01.099806+00:00,weapons,P2,wire,1,articles/2026-05/20260514-45f8b6/
20260514-b45523,"안두릴, 50억 달러 규모 자금조달 완료",2026-05-14T21:38:03.808767+00:00,industry,P2,wire,1,articles/2026-05/20260514-b45523/
20260514-1a8813,"이스라엘-레바논 직접 협상 3차 개최, 미국 주도 '포괄적 평화협정' 추진",2026-05-14T21:39:02.152153+00:00,geopolitics,P3,wire,1,articles/2026-05/20260514-1a8813/
20260514-3f386c,"미 육군 레인저스쿨, 총검술 훈련 신규 도입",2026-05-14T21:39:42.262615+00:00,doctrine,P3,wire,1,articles/2026-05/20260514-3f386c/
20260514-26a670,"노르웨이, 말레이시아 해상타격미사일 계약 취소",2026-05-14T21:40:20.823426+00:00,defense_policy,P3,wire,1,articles/2026-05/20260514-26a670/
20260514-d4bb02,"미 공군, 이란 작전 손실 MQ-9 리퍼 약 24대 차세대 기종으로 교체 추진",2026-05-14T21:40:57.517663+00:00,weapons,P2,wire,1,articles/2026-05/20260514-d4bb02/
20260514-668242,"미 공군, 격추 조종사 구조용 첨단 휴대용 무선기 2027년부터 대량 도입",2026-05-14T21:42:02.655494+00:00,weapons,P3,wire,1,articles/2026-05/20260514-668242/
20260514-890a6e,"러시아군, 우크라이나 오데사 지역 에너지 시설 드론 공격",2026-05-14T21:42:42.933806+00:00,operations,P2,wire,1,articles/2026-05/20260514-890a6e/
20260514-b4bdda,"OpenAI, 공급망 공격으로 macOS 사용자 업데이트 권고",2026-05-14T21:43:15.785915+00:00,tech,P2,wire,1,articles/2026-05/20260514-b4bdda/
20260514-a5b3c6,시스코 SD-WAN 최고 심각도 취약점 실제 공격에 악용,2026-05-14T21:43:52.875556+00:00,threats,P2,wire,1,articles/2026-05/20260514-a5b3c6/
20260514-06ffa0,"젤렌스키 우크라이나 대통령, 러시아의 '인간사냥' 전술 경고",2026-05-14T21:44:31.072871+00:00,threats,P2,wire,1,articles/2026-05/20260514-06ffa0/
20260514-7dbb2e,우크라이나 전훈 활용한 저비용 드론 대응 방안 모색,2026-05-14T21:45:10.662204+00:00,weapons,P2,wire,1,articles/2026-05/20260514-7dbb2e/
20260514-8feb72,"미 2기병연대, 리투아니아 플라이트랩 5.0 훈련서 대드론 통합 강화",2026-05-14T21:45:53.884556+00:00,operations,P3,wire,1,articles/2026-05/20260514-8feb72/
20260514-5165ee,"미 공군, 스카이디오 X10D 폭발물처리 드론 확대 도입",2026-05-14T21:47:55.720185+00:00,weapons,P2,wire,1,articles/2026-05/20260514-5165ee/
20260514-36d7a4,"미 해군, 해외 조선소 활용 검토…의회는 국내 조선 개선 촉구",2026-05-14T23:35:19.16666+00:00,defense_policy,P3,wire,1,articles/2026-05/20260514-36d7a4/
20260514-3d1570,"CENTCOM 사령관 ""이란 미사일·드론 대부분 보유"" 보도 부인",2026-05-14T23:36:08.104017+00:00,threats,P2,wire,1,articles/2026-05/20260514-3d1570/
20260514-59f080,"미 육군 드론전 실험 규모 확대, 수백 명 규모 팀 운영 중점",2026-05-14T23:36:54.027409+00:00,operations,P2,wire,1,articles/2026-05/20260514-59f080/
20260514-76cdeb,"이란의 호르무즈 해협 통행료 징수 계획, 다른 해역으로 확산 우려",2026-05-14T23:37:31.411235+00:00,geopolitics,P2,wire,1,articles/2026-05/20260514-76cdeb/
20260515-947f18,"미 해군, 해외 조선소 활용 검토…국내 조선업계 우려",2026-05-15T00:34:34.727426+00:00,defense_policy,P3,wire,1,articles/2026-05/20260515-947f18/
20260515-8c3b8a,"미국 ""레바논-이스라엘 휴전 협상 긍정적"" 평가",2026-05-15T00:35:15.268858+00:00,geopolitics,P2,wire,1,articles/2026-05/20260515-8c3b8a/
20260515-b30bb8,"SK텔레콤·국방부, AI 국방 협력 'A.X K1' 공동 추진",2026-05-15T03:35:07.791991+00:00,defense_policy,P3,wire,1,articles/2026-05/20260515-b30bb8/
20260515-0bd29b,"미 공군, 2028년 예산에서 B-21 레이더 함대 규모 새 목표 설정 예정",2026-05-15T03:36:02.386625+00:00,weapons,P2,wire,1,articles/2026-05/20260515-0bd29b/
20260515-9a43df,"미 국방부, 골든돔 미사일방어체계 1.2조 달러 추정치 반박",2026-05-15T03:37:04.752117+00:00,defense_policy,P3,wire,1,articles/2026-05/20260515-9a43df/
20260515-a93381,이스라엘-레바논 휴전 만료 임박 속 워싱턴서 회담,2026-05-15T03:37:49.48464+00:00,geopolitics,P2,wire,1,articles/2026-05/20260515-a93381/
20260515-bf21e8,"호주, 공급망 충격 대비 '시스템 복원력' 강화 필요",2026-05-15T03:38:41.305549+00:00,geopolitics,P3,wire,1,articles/2026-05/20260515-bf21e8/
20260515-2e883d,"미군, 포병 화기 개발 가속화 필요성 강조",2026-05-15T03:39:14.771348+00:00,weapons,P3,wire,1,articles/2026-05/20260515-2e883d/
20260515-cf824d,한국군 '태극연습' 18일부터 5일간 북한 도발 시나리오 대응훈련,2026-05-15T05:04:44.786784+00:00,operations,P3,wire,1,articles/2026-05/20260515-cf824d/
20260515-3c5248,"러시아군, 드니프로페트로우스크주 무인기 공격 20회 단행",2026-05-15T05:06:01.407326+00:00,operations,P2,wire,1,articles/2026-05/20260515-3c5248/
20260515-6b2718,"호주, 첨단 AI 접근권 확보 위해 전략 재정비 필요",2026-05-15T05:07:01.99207+00:00,tech,P2,wire,1,articles/2026-05/20260515-6b2718/
20260515-6129f5,"한국군, 태극 지휘소연습 개시…북한 위협 대응 능력 강화",2026-05-15T06:34:41.562839+00:00,operations,P3,wire,1,articles/2026-05/20260515-6129f5/
20260515-23a372,"우크라이나 참전 용사들, 아리조나서 현대전 교훈 공유",2026-05-15T06:35:36.207691+00:00,operations,P3,wire,1,articles/2026-05/20260515-23a372/
20260515-9e0f85,"미군 전문가 ""현대전 살상력 개념 재정의 필요""",2026-05-15T06:36:47.059344+00:00,doctrine,P3,wire,1,articles/2026-05/20260515-9e0f85/
20260515-fd9b89,우크라이나-러시아 전선서 하루 257건 교전 발생,2026-05-15T06:37:29.487875+00:00,operations,P3,wire,1,articles/2026-05/20260515-fd9b89/
20260515-0718c7,"중국, 다윈항 소유권 분쟁으로 호주 회수 저지 시도",2026-05-15T06:38:04.787754+00:00,geopolitics,P3,wire,1,articles/2026-05/20260515-0718c7/
20260515-f95426,나무호 격추 비행체 잔해 한국 도착…ADD 정밀분석 착수,2026-05-15T09:34:50.133939+00:00,operations,P2,wire,1,articles/2026-05/20260515-f95426/
20260515-b78a74,"미 해군, 우크라이나 VAMPIRE 대드론 시스템 기술지원 연장",2026-05-15T09:35:36.223554+00:00,alliance,P2,wire,1,articles/2026-05/20260515-b78a74/
20260515-1958a0,"미 공군, 차세대 공중발사 무기 개발 업체 모집",2026-05-15T09:36:16.233537+00:00,weapons,P3,wire,1,articles/2026-05/20260515-1958a0/
20260515-41e23c,"호주·노르웨이, 미사일 국내 제조 양해각서 체결",2026-05-15T09:36:59.323115+00:00,industry,P2,wire,1,articles/2026-05/20260515-41e23c/
20260515-701e75,"미국, 중국·러시아 핵위협 대응 새 전략 논의",2026-05-15T09:37:40.763479+00:00,defense_policy,P3,wire,1,articles/2026-05/20260515-701e75/
20260515-c66994,"한국의 50만 드론전사, 실질 전력화 과제 직면",2026-05-15T09:38:25.038849+00:00,weapons,P2,wire,1,articles/2026-05/20260515-c66994/
20260515-e76382,"핀란드, 헬싱키 인근 드론 침입 경보…전투기 출동·항공편 운항 중단",2026-05-15T09:39:08.668677+00:00,threats,P2,wire,1,articles/2026-05/20260515-e76382/
20260515-69a969,"국내 방산 반도체 해외 의존도 심각, 안보 리스크 지적",2026-05-15T11:41:52.786877+00:00,defense_policy,P3,wire,1,articles/2026-05/20260515-69a969/
20260515-4c5b6c,"영국, 아파치 헬기용 자율 윙맨 드론 개발에 4개 업체 선정",2026-05-15T11:42:38.967275+00:00,weapons,P2,wire,1,articles/2026-05/20260515-4c5b6c/
20260515-26624e,"루마니아, 노후 다연장로켓 심층타격 능력 업그레이드 추진",2026-05-15T11:43:13.979389+00:00,weapons,P3,wire,1,articles/2026-05/20260515-26624e/
20260515-79d0f2,"러시아 국경 인근 NATO, 지상 로봇 전투 운용 고민",2026-05-15T11:43:45.464269+00:00,operations,P2,wire,1,articles/2026-05/20260515-79d0f2/
20260515-7cff4e,"미군, 발리캐탄 훈련서 장거리 미사일 대규모 전개 시연",2026-05-15T11:44:24.676366+00:00,operations,P2,wire,1,articles/2026-05/20260515-7cff4e/
20260515-a3bffe,"호주 국방부, 소형 드론 대응 능력 강화…NIOA-하이드릭스 협력",2026-05-15T11:45:01.632594+00:00,weapons,P3,wire,1,articles/2026-05/20260515-a3bffe/
20260515-f050d1,"미 공군, 2028 예산안에서 B-21 레이더 함대 규모 목표 상향 추진",2026-05-15T11:45:33.001378+00:00,weapons,P2,wire,1,articles/2026-05/20260515-f050d1/
20260515-cf243e,"미 육군, 차세대 전장 네트워크 기술 시험",2026-05-15T11:46:08.040134+00:00,operations,P2,wire,1,articles/2026-05/20260515-cf243e/
20260515-b83b4f,"러시아군, 남부전선 포격 강화…탄약 소비량 증가",2026-05-15T11:46:41.952277+00:00,operations,P3,wire,1,articles/2026-05/20260515-b83b4f/
20260515-1f5d4c,"핀란드, 드론 경보 해제…우크라이나 전쟁 확산 우려",2026-05-15T11:47:11.128496+00:00,threats,P3,wire,1,articles/2026-05/20260515-1f5d4c/
20260515-841f2e,"마이크로소프트, Exchange 서버 제로데이 취약점 공격 경고",2026-05-15T11:47:44.342849+00:00,threats,P2,wire,1,articles/2026-05/20260515-841f2e/
20260515-84047c,"루마니아 스타트업, AI 유도 순항미사일 공개",2026-05-15T12:34:06.650071+00:00,weapons,P2,wire,1,articles/2026-05/20260515-84047c/
20260515-20b32a,"NATO, 러시아 국경 인근서 지상 로봇 운용 난항",2026-05-15T12:34:54.184139+00:00,operations,P2,wire,1,articles/2026-05/20260515-20b32a/
20260515-b0fdbc,"AUKUS 출범 5년, 북한의 대전략에 실질적 영향 미쳤나",2026-05-15T12:35:27.811485+00:00,geopolitics,P3,wire,1,articles/2026-05/20260515-b0fdbc/
20260515-538264,"윌콕스 인더스트리즈, 모듈식 40mm 유탄발사기 통제 시스템 'MINI-GL40' 공개",2026-05-15T12:36:13.877646+00:00,weapons,P2,wire,1,articles/2026-05/20260515-538264/
20260515-62889f,"러시아군, 드니프로강 도하 작전 거부…우크라이나 측 보도",2026-05-15T12:36:45.612045+00:00,operations,P2,wire,1,articles/2026-05/20260515-62889f/
20260515-600639,"전직 네이비실 대원, CIA 현장 첩보 훈련 입문",2026-05-15T13:09:56.473051+00:00,operations,P3,wire,1,articles/2026-05/20260515-600639/
20260515-8962e4,"우크라이나군, 러시아 랴잔 정유소·카스피스크 군함 타격",2026-05-15T13:10:52.095317+00:00,operations,P2,wire,1,articles/2026-05/20260515-8962e4/
20260515-6b1f37,"미국-유럽 긴장 심화, 대서양 동맹 균열 우려",2026-05-15T13:11:54.261504+00:00,geopolitics,P3,wire,1,articles/2026-05/20260515-6b1f37/
20260515-5c40b9,"주한미군사령관, 한국군 재편 구상 제시... 다영역작전 체제 강조",2026-05-15T15:34:53.072756+00:00,operations,P3,wire,1,articles/2026-05/20260515-5c40b9/
20260515-2f9192,"미 육군 자율화 사무소, 드론·로봇 넘어 '능력 패키지' 추진",2026-05-15T15:35:51.889586+00:00,doctrine,P2,wire,1,articles/2026-05/20260515-2f9192/
20260515-c4bdb8,"영국·프랑스 주도 연합, 호르무즈 해협 개방 작전 추진",2026-05-15T15:36:29.805058+00:00,operations,P2,wire,1,articles/2026-05/20260515-c4bdb8/
20260515-068f13,"HII·MetalCraft Marine, 미 해병대용 ROMULUS-25 무인정 프로토타입 인수",2026-05-15T15:37:03.576509+00:00,weapons,P2,wire,1,articles/2026-05/20260515-068f13/
20260515-fbe172,"트럼프 ""대만 방어 관련 시진핑과 약속 없다""",2026-05-15T15:37:58.720361+00:00,geopolitics,P2,wire,1,articles/2026-05/20260515-fbe172/
20260515-8541aa,"미군, 드론 추적 스마트 스코프 대량 도입",2026-05-15T15:38:35.014556+00:00,weapons,P2,wire,1,articles/2026-05/20260515-8541aa/
20260515-1e5d25,"미 CISA, 연방기관에 시스코 SD-WAN 취약점 일요일까지 패치 명령",2026-05-15T15:39:09.568131+00:00,threats,P2,wire,1,articles/2026-05/20260515-1e5d25/
20260515-a97729,"미 뉴욕주 방위군, 스웨덴에서 북유럽 동맹군과 훈련",2026-05-15T15:40:06.7612+00:00,operations,P3,wire,1,articles/2026-05/20260515-a97729/
20260515-53e295,미군 LANPAC 2026: 지휘관 역량 강화하는 AI 활용,2026-05-15T15:40:41.821972+00:00,doctrine,P3,wire,1,articles/2026-05/20260515-53e295/
20260515-e5201d,"미 공군, 항공기 정비 지연 과소 평가 적발",2026-05-15T16:40:08.869713+00:00,defense_policy,P3,wire,1,articles/2026-05/20260515-e5201d/
20260515-e796db,"모토로라 솔루션, 실버스 테크놀로지 생산 확대에 1억 달러 투자",2026-05-15T16:40:58.197438+00:00,industry,P2,wire,1,articles/2026-05/20260515-e796db/
20260515-a422fb,"인도·UAE 국방협력 협정 체결, 해양안보·사이버방위 강화",2026-05-15T16:41:38.132615+00:00,alliance,P3,wire,1,articles/2026-05/20260515-a422fb/
20260515-0d97eb,"북한 해킹 조직, 지난해 가상자산 20억 달러 탈취…전년 대비 51% 증가",2026-05-15T18:34:56.509506+00:00,threats,P2,wire,1,articles/2026-05/20260515-0d97eb/
20260515-99b99a,"캐나다 주도 라트비아 여단, '견제 역할' 넘어 전투력 강화",2026-05-15T18:35:37.801158+00:00,operations,P2,wire,1,articles/2026-05/20260515-99b99a/
20260515-ef39fd,"AIRO, 하이브리드 전기 수직이착륙 드론으로 전술 보급 공백 해소 추진",2026-05-15T18:36:09.874572+00:00,weapons,P2,wire,1,articles/2026-05/20260515-ef39fd/
20260515-e4d178,"미 국방부, 폴란드 배치 중단 결정을 육군에 수일 전 통보",2026-05-15T18:36:44.769493+00:00,operations,P2,wire,1,articles/2026-05/20260515-e4d178/
20260515-728663,미국 AIM-260 공대공 미사일 개발 현황 공개,2026-05-15T18:37:15.012884+00:00,weapons,P3,wire,1,articles/2026-05/20260515-728663/
20260515-e6fa10,미 해군 차기 항모 도리스 밀러 2034년으로 건조 연기,2026-05-15T18:37:51.625204+00:00,weapons,P3,wire,1,articles/2026-05/20260515-e6fa10/
20260515-a83a83,"미 해군, 함정 전력 대규모 현대화 투자 추진",2026-05-15T18:38:25.191753+00:00,weapons,P3,wire,1,articles/2026-05/20260515-a83a83/
20260515-005656,"미 특수전사령부, 장비 개조 제약에 불만 표시",2026-05-15T18:38:57.323797+00:00,operations,P2,wire,1,articles/2026-05/20260515-005656/
20260515-ddc91b,"러시아 10척 함대, 필리핀해 진입",2026-05-15T18:39:27.792835+00:00,geopolitics,P2,wire,1,articles/2026-05/20260515-ddc91b/
20260515-1a7e06,러시아 랴잔 유정 정제소 드론 공격으로 비상사태 선포,2026-05-15T18:40:05.038466+00:00,operations,P3,wire,1,articles/2026-05/20260515-1a7e06/
20260515-9d1f43,우크라이나 키이우 공습으로 24명 사망…젤렌스키 보복 다짐,2026-05-15T18:40:40.759457+00:00,operations,P1,wire,1,articles/2026-05/20260515-9d1f43/
20260515-2d3783,"Pwn2Own 2026 2일차, Windows 11·Exchange 등 15개 제로데이 취약점 공개",2026-05-15T18:41:17.01575+00:00,tech,P2,wire,1,articles/2026-05/20260515-2d3783/
20260515-4f6065,"영국의 우크라이나 병력 파견 딜레마, 프랑스의 역할 부각",2026-05-15T18:41:53.024834+00:00,geopolitics,P3,wire,1,articles/2026-05/20260515-4f6065/
20260515-8b864e,"미군, 드론 군집 위협 대응 훈련 강화",2026-05-15T19:09:13.319308+00:00,operations,P2,wire,1,articles/2026-05/20260515-8b864e/
20260515-8fc167,"아이리스 테크놀로지, 울트라라이프와 전술 전장 전력 공급 솔루션 개발",2026-05-15T19:09:51.219758+00:00,weapons,P2,wire,1,articles/2026-05/20260515-8fc167/
20260515-26c616,미중 정상회담 후에도 한반도 비핵화·중국 역할 조율 과제 남아,2026-05-15T21:34:03.511248+00:00,geopolitics,P3,wire,1,articles/2026-05/20260515-26c616/
20260515-55ffdf,"미 육군, 안두릴과 바라쿠다-500M 순항미사일 1만여 발 도입 계약",2026-05-15T21:34:57.553817+00:00,weapons,P2,wire,1,articles/2026-05/20260515-55ffdf/
20260515-b8dfe6,"BlackSea Technologies, 북극 순찰훈련서 자율수상정 GARC 시연",2026-05-15T21:35:47.004535+00:00,operations,P2,wire,1,articles/2026-05/20260515-b8dfe6/
20260515-da2c8e,"미 국방부 '골든돔' 프로그램, 신기술 검증·공급망 감시 전담 '에코시스템 허브' 출범",2026-05-15T21:36:31.1218+00:00,weapons,P2,wire,1,articles/2026-05/20260515-da2c8e/
20260515-6a66d6,"이스라엘-레바논 휴전 연장, 미국 중재로 정치협상 재개",2026-05-15T21:37:19.201418+00:00,geopolitics,P2,wire,1,articles/2026-05/20260515-6a66d6/
20260515-62a48e,"AI 에이전트의 취약점 자동 발견·악용 능력 부상, 방어 체계 재편 촉구",2026-05-15T21:38:00.671017+00:00,tech,P2,wire,1,articles/2026-05/20260515-62a48e/
20260516-e9206f,"미 의회, 펜타곤의 민간인 피해 감소 프로그램 축소에 반발",2026-05-16T00:34:04.991118+00:00,defense_policy,P3,wire,1,articles/2026-05/20260516-e9206f/
20260516-c11916,"미 해군, 중동 분쟁 비용으로 신병 1만5000명 입교 연기 위기",2026-05-16T00:34:54.714036+00:00,defense_policy,P3,wire,1,articles/2026-05/20260516-c11916/
20260516-25ebdc,델타포스 군의관의 손 구하기…극한 상황 속 SOF 의료,2026-05-16T00:35:34.789523+00:00,operations,P3,wire,1,articles/2026-05/20260516-25ebdc/
20260516-dae140,"미 육군, 다영역사령부-태평양 설립 추진…작전실험 성공 바탕",2026-05-16T00:36:12.856149+00:00,operations,P2,wire,1,articles/2026-05/20260516-dae140/
20260516-41f4be,"미 공군 항공기 3/4, 예상보다 긴 정비 기간 소요",2026-05-16T00:36:46.844653+00:00,weapons,P3,wire,1,articles/2026-05/20260516-41f4be/
20260516-d8bb66,"미 7사단과 1st MDTF 통합, 다영역사령부-태평양 창설",2026-05-16T06:34:24.136239+00:00,operations,P2,wire,1,articles/2026-05/20260516-d8bb66/
20260516-989779,"미 하원군사위원장, 유럽 배치 취소에 국방부 압박",2026-05-16T06:35:04.722585+00:00,alliance,P2,wire,1,articles/2026-05/20260516-989779/
20260516-bcd551,미군 폴란드 배치 취소로 육군 지도부 의회 질문 받아,2026-05-16T06:35:49.407411+00:00,operations,P2,wire,1,articles/2026-05/20260516-bcd551/
20260516-f3f3aa,우크라이나-러시아 전선 24시간 263건 교전 발생,2026-05-16T06:36:35.946735+00:00,operations,P3,wire,1,articles/2026-05/20260516-f3f3aa/
20260516-eb8620,"드론 시대 '저비용 살상' 확산 속 미군, 차세대 무기 모색",2026-05-16T08:09:29.271094+00:00,weapons,P3,wire,1,articles/2026-05/20260516-eb8620/
20260516-d93c03,"쉴드AI, 대만 썬더타이거와 해상 자율운영 기술 협력",2026-05-16T08:11:07.085216+00:00,tech,P2,wire,1,articles/2026-05/20260516-d93c03/
20260516-45f732,러시아 드론 공격으로 우크라이나 하르키우 3명 부상,2026-05-16T08:11:51.180705+00:00,threats,P2,wire,1,articles/2026-05/20260516-45f732/
20260516-fcb487,"B.E. Meyers, SOF Week 2026서 고출력 레이저 조준기 VSLAP-V1 공개",2026-05-16T09:34:03.364398+00:00,weapons,P2,wire,1,articles/2026-05/20260516-fcb487/
20260516-3fd74e,"폴란드, 자체 레이더 위성 정찰 체계 운영 개시",2026-05-16T09:34:46.549874+00:00,weapons,P2,wire,1,articles/2026-05/20260516-3fd74e/
20260516-5603b1,"인도 해군 기뢰전 사업, L&T-Exail 연합으로 추진",2026-05-16T09:36:29.573124+00:00,industry,P3,wire,1,articles/2026-05/20260516-5603b1/
20260516-26fb1d,"온다스, 모듈식 지상 무인로봇 시스템 '아이언웨이브' 공개",2026-05-16T11:09:57.024807+00:00,weapons,P3,wire,1,articles/2026-05/20260516-26fb1d/
20260516-b09b3b,"러시아군, 남부 전선에서 가스관을 돌격부대 수송로로 활용",2026-05-16T11:11:25.059574+00:00,operations,P2,wire,1,articles/2026-05/20260516-b09b3b/
20260516-e93a09,"록히드마틴, 패트리엇 사각지대 해소 업그레이드에 6,100만 달러 계약",2026-05-16T12:33:33.162916+00:00,weapons,P2,wire,1,articles/2026-05/20260516-e93a09/
20260516-337a24,"미 육군, 스트라이커 A1 장갑차 50대 추가 구매",2026-05-16T12:34:21.329229+00:00,weapons,P2,wire,1,articles/2026-05/20260516-337a24/
20260516-ab2f6e,"BlackSea Technologies, 북극 NATO 훈련서 GARC 무인정 시연",2026-05-16T12:35:42.330606+00:00,operations,P3,wire,1,articles/2026-05/20260516-ab2f6e/
20260516-95e585,"미 국방부, 독일 장거리미사일 부대 배치 취소",2026-05-16T12:36:28.768931+00:00,operations,P2,wire,1,articles/2026-05/20260516-95e585/
20260516-55aff4,"터키, HÜRJET 함재기 개발 착수",2026-05-16T15:34:16.055678+00:00,weapons,P3,wire,1,articles/2026-05/20260516-55aff4/
20260516-d657c4,"해군 특수전 저격수, 미래 전장에서도 핵심 역할 지속",2026-05-16T15:35:00.308681+00:00,doctrine,P3,wire,1,articles/2026-05/20260516-d657c4/
20260516-c63404,"이스라엘, 가자지구 하마스 군사부 지도자 공습으로 사살",2026-05-16T15:36:32.265867+00:00,threats,P2,wire,1,articles/2026-05/20260516-c63404/
20260516-5c5adf,"러시아 해킹 집단, 카주아르 백도어를 P2P 봇넷으로 진화",2026-05-16T15:37:08.753574+00:00,threats,P2,wire,1,articles/2026-05/20260516-5c5adf/
20260516-24accf,"전작권 전환 추진 속도 내는 한국, 브런슨 주한미군사령관 재차 유보 입장",2026-05-16T21:33:01.279464+00:00,alliance,P3,wire,1,articles/2026-05/20260516-24accf/
20260516-e035c9,"USS 제럴드 R 포드 항모전단, 이란 작전 공로로 대통령 표창 수상",2026-05-16T21:34:23.998991+00:00,operations,P3,wire,1,articles/2026-05/20260516-e035c9/
20260517-040f0d,헤즈볼라 광섬유 드론 공격 영상 분석…이스라엘 대상 전술 진화 확인,2026-05-17T00:32:27.004183+00:00,threats,P2,wire,1,articles/2026-05/20260517-040f0d/
20260517-0cf9ff,"우크라이나, 벨라루스 영공 통과 샤헤드 드론 전수 추적",2026-05-17T00:33:16.478427+00:00,operations,P2,wire,1,articles/2026-05/20260517-0cf9ff/
20260517-9a075b,"미국·나이지리아군, ISIS 제2인자 격살",2026-05-17T03:32:30.206914+00:00,operations,P2,wire,1,articles/2026-05/20260517-9a075b/
20260517-386b7f,"러시아 드론 공격으로 드니프로 화재 발생, 1명 부상",2026-05-17T03:33:15.40699+00:00,threats,P2,wire,1,articles/2026-05/20260517-386b7f/
20260517-9e7468,"우크라이나군, 24시간 234건 전투 교전 기록…포크로우스크·훌리아이폴레 격전",2026-05-17T06:32:43.608255+00:00,operations,P2,wire,1,articles/2026-05/20260517-9e7468/
20260517-b6abec,"미국 방위산업체, 360도 회전식 대드론 시스템 개발",2026-05-17T09:33:02.188748+00:00,weapons,P2,wire,1,articles/2026-05/20260517-b6abec/
20260517-a7386d,"인도네시아 해군, 가리발디함 인수 앞두고 항모 운영 준비 착수",2026-05-17T09:33:55.044854+00:00,operations,P2,wire,1,articles/2026-05/20260517-a7386d/
20260517-a44d4b,"중국, 대만 전쟁 대비 미사일 증강 가속화",2026-05-17T09:34:26.932626+00:00,threats,P2,wire,1,articles/2026-05/20260517-a44d4b/
20260517-6b5ec3,"광주 광융합 기술, 국방 광반도체 사업 추진",2026-05-17T10:08:50.745363+00:00,industry,P3,wire,1,articles/2026-05/20260517-6b5ec3/
20260517-5bba8c,"영국 드론 제조사, 아파치 윙맨 사업 입찰 위해 CAPSTONE에 헬파이어 탑재 시험",2026-05-17T10:09:31.92492+00:00,weapons,P2,wire,1,articles/2026-05/20260517-5bba8c/
20260517-63cee2,"호주 해군, 미국산 트랜스윙 수직이착륙 드론 도입",2026-05-17T10:10:02.153572+00:00,weapons,P3,wire,1,articles/2026-05/20260517-63cee2/
20260517-d2d0ba,"한미, 드론·대드론 협력 협력의향서 체결",2026-05-17T12:33:19.306894+00:00,alliance,P2,wire,1,articles/2026-05/20260517-d2d0ba/
20260517-f528e4,"우크라이나, 카스피해서 러시아 해군함정 공격",2026-05-17T12:34:17.122181+00:00,operations,P2,wire,1,articles/2026-05/20260517-f528e4/
20260517-7cb84a,"한화에어로스페이스·밀렘 로보틱스, 루마니아 무인지상차량 사업 공동 추진",2026-05-17T12:35:03.118744+00:00,industry,P3,wire,1,articles/2026-05/20260517-7cb84a/
20260517-1f57f9,"드론, UAE 바라카 원전 공격…이란 전쟁 휴전 긴장 고조",2026-05-17T12:35:47.750369+00:00,threats,P2,wire,1,articles/2026-05/20260517-1f57f9/
20260517-feec5b,"육군지작사, 합동 공중재보급훈련 실시…개조낙하산·안전통제관 투입",2026-05-17T15:34:17.914831+00:00,operations,P3,wire,1,articles/2026-05/20260517-feec5b/
20260517-a5d8b0,"미 국방부 OSD-CAPE, 한국 함정 건조 능력 현장 실사",2026-05-17T15:35:10.577217+00:00,alliance,P2,wire,1,articles/2026-05/20260517-a5d8b0/
20260517-02cc95,"러시아, Su-57 스텔스 전투기 2인승 변형 개발 중",2026-05-17T15:35:47.601169+00:00,weapons,P3,wire,1,articles/2026-05/20260517-02cc95/
20260517-a1bb83,"미 7사단과 1st MDTF 통합, 다영역사령부-태평양 창설",2026-05-17T15:36:22.572675+00:00,operations,P2,wire,1,articles/2026-05/20260517-a1bb83/
20260517-2d391c,"미 의회, 국방부의 민간인피해 감소 프로그램 축소에 반발",2026-05-17T15:36:51.892488+00:00,defense_policy,P3,wire,1,articles/2026-05/20260517-2d391c/
20260517-090e06,"71세 빌리 와우, 오사마 빈라덴 추적 작전의 전설적 특수전 요원",2026-05-17T15:37:27.086396+00:00,history,P3,wire,1,articles/2026-05/20260517-090e06/
20260517-6ceeca,"우크라이나, 디지털 기술로 러시아의 물량 우위 상쇄",2026-05-17T15:38:11.058095+00:00,operations,P3,wire,1,articles/2026-05/20260517-6ceeca/
20260517-5a11ac,"우크라이나 드론, 모스크바 기록적 공습…3명 사망, 정유소 타격",2026-05-17T15:38:43.794877+00:00,operations,P2,wire,1,articles/2026-05/20260517-5a11ac/
20260517-114482,"DSIT Solutions, CNE 2026에서 수중영역인식 신개념 공개",2026-05-17T18:33:16.570894+00:00,weapons,P3,wire,1,articles/2026-05/20260517-114482/
20260517-b7546a,"미국, 자율무인 수상함 생산 2배 확대",2026-05-17T18:34:06.40683+00:00,weapons,P2,wire,1,articles/2026-05/20260517-b7546a/
20260517-4a35e1,"트럼프, 대만 무기거래·주한미군 주둔비 협상 테이블에 올려",2026-05-17T21:33:44.016525+00:00,alliance,P2,wire,1,articles/2026-05/20260517-4a35e1/
20260517-97e8ef,"러시아, 돈바스 요새지대서 소모전 전개…역사적 공세 패턴 반복",2026-05-17T21:34:58.706252+00:00,operations,P3,wire,1,articles/2026-05/20260517-97e8ef/
20260517-f03712,"PROOF Research, 신형 소총 총열 단축 구성 공개",2026-05-17T21:35:30.704212+00:00,weapons,P3,wire,1,articles/2026-05/20260517-f03712/
20260517-5fd80f,"이스라엘, 레바논 휴전 연장 후 공습으로 5명 이상 사망",2026-05-17T21:36:06.441317+00:00,operations,P2,wire,1,articles/2026-05/20260517-5fd80f/
20260517-dd85d8,이스라엘 공습으로 레바논 7명 사망…헤즈볼라 미중재 회담 비판,2026-05-17T23:39:51.642662+00:00,threats,P2,wire,1,articles/2026-05/20260517-dd85d8/
20260518-191474,"북한, 병력 부족으로 초모생 시력 기준 완화",2026-05-18T00:33:10.319459+00:00,threats,P3,wire,1,articles/2026-05/20260518-191474/
20260518-97dbe8,"김정은, 군부에 남북 국경 '난공불락 요새화' 지시",2026-05-18T00:33:57.318483+00:00,threats,P3,wire,1,articles/2026-05/20260518-97dbe8/
20260518-5e381b,"러시아, 드니프로 미사일 공격…9명 부상",2026-05-18T03:33:00.832853+00:00,threats,P3,wire,1,articles/2026-05/20260518-5e381b/
20260518-9f609b,"이탈리아, 중동 해역 기뢰제거함 전개",2026-05-18T06:09:53.213835+00:00,operations,P3,wire,1,articles/2026-05/20260518-9f609b/
20260518-672d4e,"러시아군, 드니프로페트로우스크 지역 공격으로 26명 부상",2026-05-18T06:10:36.368102+00:00,operations,P2,wire,1,articles/2026-05/20260518-672d4e/
20260518-e0d49a,"대만, 2026년 미국산 M1A2 에이브럼스 전차 108대 도입 완료",2026-05-18T06:33:18.964863+00:00,weapons,P3,wire,1,articles/2026-05/20260518-e0d49a/
20260518-82fa1f,"일본, 우주 군사력 대폭 확충 계획 공개",2026-05-18T09:34:02.212857+00:00,defense_policy,P2,wire,1,articles/2026-05/20260518-82fa1f/
20260518-7ef554,"미국 ITAR 규제, 동맹국 방위력 약화시킨다",2026-05-18T09:34:43.925149+00:00,defense_policy,P3,wire,1,articles/2026-05/20260518-7ef554/
20260518-3fdefe,"미군 육군항공, 드론 통합 20년 교훈 재점검",2026-05-18T09:35:18.928618+00:00,operations,P3,wire,1,articles/2026-05/20260518-3fdefe/
20260518-ad5bf0,"북한 관계자, 러시아 극동 드론 조종사 훈련시설 방문",2026-05-18T09:35:58.113114+00:00,operations,P2,wire,1,articles/2026-05/20260518-ad5bf0/
20260518-42bfc9,"우크라이나, 자체 개발 유도폭탄 전투 운용 선언",2026-05-18T10:09:37.82321+00:00,weapons,P2,wire,1,articles/2026-05/20260518-42bfc9/
20260518-23e87e,"이스라엘군, 키프로스 인근 가자 지원 선단 승선 작전 실시",2026-05-18T10:10:21.298146+00:00,operations,P2,wire,1,articles/2026-05/20260518-23e87e/
20260518-bba4e8,"미군 화학발광등 번들 시스템 현대화, 기존 방식 대체",2026-05-18T10:10:56.713212+00:00,weapons,P2,wire,1,articles/2026-05/20260518-bba4e8/
20260518-d744bc,"델타포스 톰 페인 상사관, 호지자 감옥 습격 작전으로 명예훈장 수훈",2026-05-18T12:34:26.912831+00:00,operations,P3,wire,1,articles/2026-05/20260518-d744bc/
20260518-3d9bbd,"미 공군, F-22·F-35 스텔스 전투기 전술 정밀화",2026-05-18T12:35:17.864+00:00,operations,P2,wire,1,articles/2026-05/20260518-3d9bbd/
20260518-9b2756,"USS 제럴드 R 포드 항모전단, 326일 장기 배치 후 대통령 표창 수상",2026-05-18T12:36:10.858728+00:00,operations,P3,wire,1,articles/2026-05/20260518-9b2756/
20260518-55b3eb,"이란, 호르무즈 해협 통과선박 보험 제안…비트코인 기반",2026-05-18T12:36:56.289504+00:00,geopolitics,P3,wire,1,articles/2026-05/20260518-55b3eb/
20260518-99d069,"미국·나이지리아, 이슬람국가 격퇴 작전 강화…20명 이상 사살",2026-05-18T12:37:29.605415+00:00,operations,P3,wire,1,articles/2026-05/20260518-99d069/
20260518-dda481,"체코-우크라이나 드론 기업, 미 육군 정찰무인기 계약 체결",2026-05-18T13:40:01.404743+00:00,industry,P2,wire,1,articles/2026-05/20260518-dda481/
20260518-0c3c39,"미시간대 전직 연구원, 중국 군용드론 관계 은폐 혐의",2026-05-18T13:40:48.999996+00:00,threats,P2,wire,1,articles/2026-05/20260518-0c3c39/
20260518-4676cd,"""회색지대"" 용어 사용 중단 촉구…중국에 전략적 이득 제공",2026-05-18T13:41:23.682994+00:00,doctrine,P3,wire,1,articles/2026-05/20260518-4676cd/
20260518-af746d,"B.E. Meyers, VSLAP-V1 근적외선 표적지시기 공개",2026-05-18T13:41:57.986402+00:00,weapons,P2,wire,1,articles/2026-05/20260518-af746d/
20260518-966ca6,"미 해군 EA-18G 그로울러 전투기 2대 공중충돌, 승무원 안전 탈출",2026-05-18T15:34:29.265525+00:00,operations,P2,wire,1,articles/2026-05/20260518-966ca6/
20260518-bd7745,IS 자체제작 무반동총 프로그램 분석…화학무기 탑재 능력 확인,2026-05-18T15:35:20.428452+00:00,threats,P3,wire,1,articles/2026-05/20260518-bd7745/
20260518-316a34,베트남전 라오스 정글서 MACV-SOG 정찰팀 포위 교전,2026-05-18T15:36:18.408895+00:00,history,P3,wire,1,articles/2026-05/20260518-316a34/
20260518-714e6b,"러시아, 벨라루스에 전술핵무기 배치…우크라이나 '국제질서 위협' 성명",2026-05-18T15:36:59.44987+00:00,threats,P2,wire,1,articles/2026-05/20260518-714e6b/
20260518-22eb36,"미 국방부, 소형 드론 '살상력 챌린지' 우승사 5개사 선정",2026-05-18T18:34:58.042976+00:00,weapons,P2,wire,1,articles/2026-05/20260518-22eb36/
20260518-f999e8,인도태평양 안보 구조 변화: 허브-스포크에서 연합 보안망으로,2026-05-18T18:35:58.630316+00:00,geopolitics,P3,wire,1,articles/2026-05/20260518-f999e8/
20260518-5709b0,"미 육군, 100만 달러 이하 저가 패트리엇 요격미사일 개발 추진",2026-05-18T18:36:41.956743+00:00,weapons,P2,wire,1,articles/2026-05/20260518-5709b0/
20260518-37d1b9,러시아 Su-57 전투기 2인승 변형 등장,2026-05-18T18:37:17.495318+00:00,weapons,P3,wire,1,articles/2026-05/20260518-37d1b9/
20260518-56c7cc,벨라루스가 우크라이나 공격 준비하면 선제공격 받을 것 – 우크라이나 군사전문가,2026-05-18T18:37:59.227029+00:00,threats,P3,wire,1,articles/2026-05/20260518-56c7cc/
20260518-a02bbc,"이란, 연료탱크 시스템 해킹으로 사이버 공격 범위 확대",2026-05-18T18:38:42.677483+00:00,threats,P2,wire,1,articles/2026-05/20260518-a02bbc/
20260518-85acf7,기고: 일본 방산 개방의 의미와 한국에 주는 시사점,2026-05-18T21:11:40.079764+00:00,defense_policy,P3,wire,1,articles/2026-05/20260518-85acf7/
20260518-87149e,미 육군 차세대 지휘통제 체계 실험에 특수전사령부 참여,2026-05-18T21:12:33.501211+00:00,operations,P2,wire,1,articles/2026-05/20260518-87149e/
20260518-f26499,"미군, 음향으로 드론 식별하는 훈련 도입",2026-05-18T21:13:29.88287+00:00,doctrine,P3,wire,1,articles/2026-05/20260518-f26499/
20260518-2eb391,미 해군 E/A-18G 그로울러 공중충돌 후 4명 전원 생존 탈출,2026-05-18T21:14:08.446728+00:00,operations,P3,wire,1,articles/2026-05/20260518-2eb391/
20260518-1f82fa,"미 특수작전사령부, 신기술 도입 속도 강조",2026-05-18T21:14:47.434622+00:00,weapons,P2,wire,1,articles/2026-05/20260518-1f82fa/
20260518-836a0b,"미국의 정밀유도탄 소비 속도 가파르다…중국, 이란 전쟁 주시",2026-05-18T21:15:24.053367+00:00,weapons,P2,wire,1,articles/2026-05/20260518-836a0b/
20260518-77d9cd,"MOHOC, NDAA 준수 드론 카메라 'Optac' 출시",2026-05-18T21:16:09.295891+00:00,weapons,P2,wire,1,articles/2026-05/20260518-77d9cd/
20260518-91a475,"우크라이나 전선 203건 교전, 포크롭스크 방향 최격전",2026-05-18T21:16:47.143882+00:00,operations,P2,wire,1,articles/2026-05/20260518-91a475/
20260518-edada5,"미국 CISA, AWS GovCloud 접근 자격증명 GitHub에 노출",2026-05-18T21:17:24.390302+00:00,threats,P1,wire,1,articles/2026-05/20260518-edada5/
20260518-73e3ac,"동남아, 저가 드론·타격미사일로 중국 억제 전략 전환 필요",2026-05-18T21:18:08.737873+00:00,doctrine,P3,wire,1,articles/2026-05/20260518-73e3ac/
20260518-b02cbd,"미군 신형 공대공미사일 JATM, 실전 테스트 중 처음 공개",2026-05-18T21:33:41.749685+00:00,weapons,P2,wire,1,articles/2026-05/20260518-b02cbd/
20260518-46c7a6,OpenClaw AI 에이전트 프레임워크 '클로우 체인' 취약점 발견,2026-05-18T22:09:45.686794+00:00,tech,P3,wire,1,articles/2026-05/20260518-46c7a6/
20260518-449f54,"백악관 ""트럼프-시진핑, 북한 비핵화 공동 목표 확인""",2026-05-18T23:09:48.540815+00:00,geopolitics,P3,wire,1,articles/2026-05/20260518-449f54/
20260518-ef107f,"아프리카 ISIS 지도자 격살, 미군 감축 우려 제기",2026-05-18T23:10:32.803426+00:00,operations,P2,wire,1,articles/2026-05/20260518-ef107f/
20260519-c0d89a,"미 우주군, 노스럽그루먼에 398억 달러 규모 위성통신 프로토타입 개발 계약",2026-05-19T01:10:19.139563+00:00,weapons,P2,wire,1,articles/2026-05/20260519-c0d89a/
20260519-5a75cc,"트럼프, 걸프만 국가들 요청으로 이란 공격 연기",2026-05-19T06:34:49.503372+00:00,geopolitics,P2,wire,1,articles/2026-05/20260519-5a75cc/
20260519-cbe9bc,"미 해병대 다윈 순환배치군, 특수목적 MAGTF 인증 획득",2026-05-19T06:35:33.826194+00:00,operations,P3,wire,1,articles/2026-05/20260519-cbe9bc/
20260519-179de6,"미 육군 1특수전군, 3D 프린팅 심포지엄 개최…전장 문제 해결 기술 공유",2026-05-19T06:36:11.664964+00:00,opinion,P3,wire,1,articles/2026-05/20260519-179de6/
20260519-2fb3b8,"우크라이나 방공군, 러시아 드론 209기 중 180기 격추",2026-05-19T06:36:49.001136+00:00,operations,P2,wire,1,articles/2026-05/20260519-2fb3b8/
20260519-1d619e,"우크라이나군, 하루 236건 교전 기록…포크롭스크 지역서 40건 격퇴",2026-05-19T06:37:24.530856+00:00,operations,P3,wire,1,articles/2026-05/20260519-1d619e/
20260519-f1f130,"미 공군, B-52 후속 초음속 폭격기 개발 검토 착수",2026-05-19T06:37:59.687829+00:00,weapons,P3,wire,1,articles/2026-05/20260519-f1f130/
20260519-c76c11,"GBU-39B 소형 정밀유도탄, MQ-9 리퍼에 실전 배치",2026-05-19T06:38:36.206133+00:00,weapons,P2,wire,1,articles/2026-05/20260519-c76c11/
20260519-a8ae2d,한반도 '속도의 역설'…AI 전장에서 오판 위험 증가,2026-05-19T08:10:57.670175+00:00,doctrine,P3,wire,1,articles/2026-05/20260519-a8ae2d/
20260519-912723,"국방부, 2029년까지 국방 반도체 국산화율 50% 달성 목표",2026-05-19T08:11:40.300912+00:00,defense_policy,P2,wire,1,articles/2026-05/20260519-912723/
20260519-ec42f7,"독일, 콩스베르그로부터 JSM 미사일 추가 구매",2026-05-19T08:12:15.929329+00:00,weapons,P2,wire,1,articles/2026-05/20260519-ec42f7/
20260519-f73085,"러시아 군용기, 원산 도착…한 달간 3번째 방문",2026-05-19T08:12:56.37972+00:00,geopolitics,P2,wire,1,articles/2026-05/20260519-f73085/
20260519-58c0f1,"러시아군, 우크라이나 드니프로페트로우스크주 나프토가즈 시설 탄도미사일 공격",2026-05-19T08:13:31.006018+00:00,operations,P3,wire,1,articles/2026-05/20260519-58c0f1/
20260519-46bf39,"미군 헬기, 이란 소형 선박 6척 격침",2026-05-19T09:11:12.794516+00:00,geopolitics,P2,original,2,articles/2026-05/20260519-46bf39/
20260519-1f0c6c,"러시아, 아프리카 모병망 확대…케냐인들 우크라이나 전쟁으로 유인",2026-05-19T09:12:08.443285+00:00,geopolitics,P2,wire,1,articles/2026-05/20260519-1f0c6c/
20260519-5b9a44,우크라이나 드론 공격으로 김정은 모스크바 방문 가능성 축소,2026-05-19T09:12:52.086405+00:00,geopolitics,P2,wire,1,articles/2026-05/20260519-5b9a44/
20260519-d96147,"일본, 필리핀에 함정 이전 추진…인도태평양 안보역할 확대",2026-05-19T09:13:55.65081+00:00,geopolitics,P2,wire,1,articles/2026-05/20260519-d96147/
20260519-4c9d14,"우크라이나, 북한 국민 학생 허가증 발급 규정 도입",2026-05-19T09:14:31.35304+00:00,geopolitics,P2,wire,1,articles/2026-05/20260519-4c9d14/
20260519-34ed21,"우크라이나, 카스피해 러 미사일 함정 타격",2026-05-19T09:15:08.365383+00:00,operations,P2,original,2,articles/2026-05/20260519-34ed21/
20260519-ebad59,"우크라이나 전쟁, 승리의 날 휴전 선언 직후 붕괴",2026-05-19T09:15:56.128359+00:00,operations,P2,wire,1,articles/2026-05/20260519-ebad59/
20260519-d3a784,"중국, 글로벌 AI 경쟁에서 우위 확보…미국 모델 가격 장벽",2026-05-19T09:16:35.270683+00:00,tech,P2,wire,1,articles/2026-05/20260519-d3a784/
20260519-830683,"푸틴, 쿠르스크 전투 지휘 북한 장군들에 훈장 수여",2026-05-19T09:17:58.175719+00:00,geopolitics,P2,wire,1,articles/2026-05/20260519-830683/
20260519-92e76b,"인도, 다탄두 아그니 미사일 시험발사 성공",2026-05-19T09:18:33.872979+00:00,weapons,P2,wire,1,articles/2026-05/20260519-92e76b/
20260519-1dd733,나무호 피격 와중 한미 국방장관 회담...호르무즈 해협 안보 논의,2026-05-19T09:19:18.065101+00:00,alliance,P2,wire,1,articles/2026-05/20260519-1dd733/
20260519-9b91d1,"미 항모 2척 포함 20척 함정, 이란 해상봉쇄 작전 전개",2026-05-19T09:20:11.752579+00:00,operations,P2,wire,1,articles/2026-05/20260519-9b91d1/
20260519-6bc500,"중국의 말라카 해협 딜레마, 호르무즈 이후",2026-05-19T09:21:02.858064+00:00,geopolitics,P3,wire,1,articles/2026-05/20260519-6bc500/
20260519-9e7dac,"필리핀 퇴역함 격침한 일본, 발리캐탄 훈련서 미사일 능력 시연",2026-05-19T09:21:38.132293+00:00,operations,P2,wire,1,articles/2026-05/20260519-9e7dac/
20260519-ca2269,중국의 대만 점령 후 통치 계획 공개…로위 연구소 보고서,2026-05-19T09:22:14.857094+00:00,geopolitics,P3,wire,1,articles/2026-05/20260519-ca2269/
20260519-913309,"미국 방위 전문매체, 인지작전 인력 배치 지연 원인 분석",2026-05-19T09:22:50.593432+00:00,doctrine,P2,wire,1,articles/2026-05/20260519-913309/
20260519-d3797c,"이란 미사일, 2개월 전쟁 분석…6가지 핵심 교훈",2026-05-19T09:22:53.400928+00:00,threats,P2,wire,1,articles/2026-05/20260519-d3797c/
20260519-30300f,호르무즈 해협 봉쇄로 아시아 성장 서사 균열,2026-05-19T09:23:39.601009+00:00,geopolitics,P2,wire,1,articles/2026-05/20260519-30300f/
20260519-3b681a,"레바논, 해양 거부 전략으로 비대칭 해양안보 강화 모색",2026-05-19T09:24:07.549175+00:00,doctrine,P3,wire,1,articles/2026-05/20260519-3b681a/
20260519-c45b9b,중국 J-36 스텔스 전투기 공개에 미 해군 6세대 전투기 개발 가속화 압박,2026-05-19T09:24:59.476508+00:00,weapons,P3,wire,1,articles/2026-05/20260519-c45b9b/
20260519-04f005,"브런슨 주한미군사령관, 하와이서 한국군 재편 구상 언급",2026-05-19T09:25:35.453751+00:00,alliance,P3,wire,1,articles/2026-05/20260519-04f005/
20260519-a16a2f,미국의 비밀 공대공 미사일 AIM-260 공개,2026-05-19T09:26:38.525529+00:00,weapons,P2,wire,1,articles/2026-05/20260519-a16a2f/
20260519-137cb5,"미국, 쿠바의 러시아·중국 드론 활동 우려…카리브해 전략적 위협 증가",2026-05-19T09:27:43.783398+00:00,threats,P2,wire,1,articles/2026-05/20260519-137cb5/
20260519-d5cfd0,"이란·중국, 공급망 무기화로 전략적 식량 불안정 조성",2026-05-19T09:28:31.573932+00:00,geopolitics,P2,wire,1,articles/2026-05/20260519-d5cfd0/
20260519-d5d263,"미국 위성정보 제한, 국방정보국 결정…주한미군사령관이 사전 전달",2026-05-19T09:34:50.027169+00:00,alliance,P2,wire,1,articles/2026-05/20260519-d5d263/
20260519-ca930a,"미 공군 특수전사령부 MQ-9 리퍼, GBU-39B 활공폭탄 운용 승인",2026-05-19T09:35:33.549818+00:00,weapons,P2,wire,1,articles/2026-05/20260519-ca930a/
20260519-63d0bc,"한국 해병대, 차세대 상륙돌격장갑차 KAAV-II 공개",2026-05-19T09:36:04.511997+00:00,weapons,P2,wire,1,articles/2026-05/20260519-63d0bc/
20260519-857548,"CIA 고위관계자 ""고도화된 AI, 정부에 성찰의 시점 가져온다""",2026-05-19T09:36:47.08244+00:00,tech,P3,wire,1,articles/2026-05/20260519-857548/
20260519-68a9a0,"미 상원의원, F-35·F-15EX 다년도 구매 국방수권법 포함 추진",2026-05-19T09:38:02.711456+00:00,weapons,P3,wire,1,articles/2026-05/20260519-68a9a0/
20260519-bd3baf,"미 육군, 극초음속미사일 시험용 RangeHawk 드론 개발 계약 체결",2026-05-19T09:38:36.973173+00:00,weapons,P2,wire,1,articles/2026-05/20260519-bd3baf/
20260519-e58dae,"러군, 돈네츠크 지역에 하루 1,336회 공격…민간인 피해",2026-05-19T09:39:15.003929+00:00,operations,P3,wire,1,articles/2026-05/20260519-e58dae/
20260519-1cb3fb,"푸틴 베이징 방문, 미중 대화 교착 속 중국의 외교적 영향력 강화",2026-05-19T09:39:49.066186+00:00,geopolitics,P3,wire,1,articles/2026-05/20260519-1cb3fb/
20260519-17cbd2,"주한미군, 평택서 소형 드론 활용 전투훈련 실시",2026-05-19T12:11:51.376348+00:00,operations,P2,wire,1,articles/2026-05/20260519-17cbd2/
20260519-c43366,"독일, 터키에 패트리엇 배터리 배치…NATO 남동부 미군 부담 경감",2026-05-19T12:12:36.095702+00:00,alliance,P2,wire,1,articles/2026-05/20260519-c43366/
20260519-b931c8,"미 특수작전사령부, 스카이레이더 II 신속 분해 능력 실전 환경에서 시험",2026-05-19T12:13:14.21259+00:00,operations,P2,wire,1,articles/2026-05/20260519-b931c8/
20260519-6a8e16,"스웨덴, 프랑스 FDI 설계 호위함 도입 결정",2026-05-19T12:13:51.091946+00:00,weapons,P3,wire,1,articles/2026-05/20260519-6a8e16/
20260519-d08f5c,"미군, AH-64 아파치 헬기 변속기 결함 조사…조종사들 안전 우려",2026-05-19T12:14:20.576043+00:00,weapons,P2,wire,1,articles/2026-05/20260519-d08f5c/
20260519-b0a671,"미국, 저비용 컨테이너 미사일 1만 기 이상 대량 발주",2026-05-19T12:14:56.389009+00:00,weapons,P2,wire,1,articles/2026-05/20260519-b0a671/
20260519-f292df,"미 공군, 신형 스카이레이더 II 항공기 18대 보유",2026-05-19T12:15:34.529044+00:00,weapons,P2,wire,1,articles/2026-05/20260519-f292df/
20260519-e448f1,"델타포스 샘 포스터, 직설적 성격으로 알려져",2026-05-19T12:16:06.394078+00:00,operations,P3,wire,1,articles/2026-05/20260519-e448f1/
20260519-97708e,"우크라이나군, 러시아 루코일 정유소·야로슬라블-3 펌프장 공격",2026-05-19T12:16:41.905146+00:00,operations,P3,wire,1,articles/2026-05/20260519-97708e/
20260519-ab0fc6,"이란, 전쟁 종료 협상안 제시…백악관 '의미 있는 진전 없다'",2026-05-19T12:17:23.167022+00:00,geopolitics,P2,wire,1,articles/2026-05/20260519-ab0fc6/
20260519-dc71a7,"미 공군특수전사령부, OA-1K 스카이레이더 II 신속배치 능력 공개",2026-05-19T12:17:58.681584+00:00,operations,P2,wire,1,articles/2026-05/20260519-dc71a7/
20260519-20ab50,"NATO 전투기, 에스토니아 상공서 우크라이나 드론 격추",2026-05-19T12:34:14.589268+00:00,operations,P2,wire,1,articles/2026-05/20260519-20ab50/
20260519-dd5c01,"우크라이나군, 포크롭스크 인근 러시아 방어선 3km 돌파",2026-05-19T12:35:07.263242+00:00,operations,P2,wire,1,articles/2026-05/20260519-dd5c01/
20260519-c6c375,"라트비아, 자율형 드론 킬러 다년 계약 체결",2026-05-19T14:10:35.623605+00:00,weapons,P2,wire,1,articles/2026-05/20260519-c6c375/
20260519-46992f,"노스럽그루먼 무인전투기 YFQ-48A 탈론 블루, 첫 택싱 테스트 통과",2026-05-19T14:11:22.771142+00:00,weapons,P2,wire,1,articles/2026-05/20260519-46992f/
20260519-4616dd,"이스라엘, 소말릴란드 독립국가 공식 인정",2026-05-19T14:12:01.291356+00:00,geopolitics,P3,wire,1,articles/2026-05/20260519-4616dd/
20260519-a8442a,제한된 전쟁의 대가…'인도적 전쟁' 환상이 낳은 교착 상태,2026-05-19T14:12:41.444431+00:00,doctrine,P3,wire,1,articles/2026-05/20260519-a8442a/
20260519-bd7002,"우크라이나 침략 법적 기록 폐기 요구, 미국이 중재 불가능",2026-05-19T14:13:25.93025+00:00,geopolitics,P3,wire,1,articles/2026-05/20260519-bd7002/
20260519-b0e3b3,"미국, 한국에 MH-60R 헬기 24대 판매 승인…30억 달러 규모",2026-05-19T15:10:46.388234+00:00,weapons,P2,wire,1,articles/2026-05/20260519-b0e3b3/
20260519-b9a4d4,"미 해병대, 퀀티코 기지서 무장 로봇 시험",2026-05-19T15:11:44.148044+00:00,weapons,P2,wire,1,articles/2026-05/20260519-b9a4d4/
20260519-83e74b,"미 국방부, 드론 대응 기술 개발에 5억 달러 계약 체결",2026-05-19T15:12:40.028585+00:00,weapons,P2,wire,1,articles/2026-05/20260519-83e74b/
20260519-413ae0,"미 SOCOM 사령관 ""네트워크 이해하는 박사급 인재 필요""",2026-05-19T15:13:24.51642+00:00,doctrine,P2,wire,1,articles/2026-05/20260519-413ae0/
20260519-ab08bd,"G7, 러시아 전쟁 자금 차단 위해 제재 압박 유지",2026-05-19T15:14:00.340716+00:00,geopolitics,P3,wire,1,articles/2026-05/20260519-ab08bd/
20260519-20b743,"미국, 한국에 42억 달러 규모 군용 헬기 판매 승인",2026-05-19T15:34:06.055156+00:00,weapons,P2,wire,1,articles/2026-05/20260519-20b743/
20260519-6482be,"우크라이나 국경수비대, 하르키우 지역 러시아군 소규모 돌격부대 격멸",2026-05-19T15:35:52.816664+00:00,operations,P2,wire,1,articles/2026-05/20260519-6482be/
20260519-97dd76,"미군 Golden Dome 사업 비용 논란 심화, 육군 네트워크 전쟁 승리 전략 검토",2026-05-19T17:11:09.601635+00:00,weapons,P2,wire,1,articles/2026-05/20260519-97dd76/
20260519-dcaf67,"B-1B 폭격기, 새로운 무장체계 도입 추진",2026-05-19T17:12:03.606486+00:00,weapons,P3,wire,1,articles/2026-05/20260519-dcaf67/
20260519-eda4bf,"발리캐탄 2026, 필리핀 방위 대규모 다국적 훈련으로 진화",2026-05-19T17:13:24.375179+00:00,operations,P2,wire,1,articles/2026-05/20260519-eda4bf/
20260519-1d96e1,"2026 SOF Week 개최, 글로벌 특수전 커뮤니티 집결",2026-05-19T17:14:04.801468+00:00,operations,P2,wire,1,articles/2026-05/20260519-1d96e1/
20260519-a8d4a4,"우크라이나, 마리우폴 인근 러시아 방공체계 피해 공개",2026-05-19T17:14:45.92107+00:00,operations,P2,wire,1,articles/2026-05/20260519-a8d4a4/
20260519-7597fd,"마이크로소프트, 랜섬웨어 조직 지원 '폭스 템페스트' 악성코드 서명 서비스 적발",2026-05-19T17:15:31.313847+00:00,threats,P2,wire,1,articles/2026-05/20260519-7597fd/
20260519-7bbffb,"러시아, 2인승 Su-57 프로토타입 첫 비행 성공",2026-05-19T18:35:00.390374+00:00,weapons,P2,wire,1,articles/2026-05/20260519-7bbffb/
20260519-60b25b,"NATO 사령관 ""유럽 주둔 미군 추가 감축 예상""",2026-05-19T18:35:58.110314+00:00,alliance,P3,wire,1,articles/2026-05/20260519-60b25b/
20260519-87d141,"쉴드AI, LUCAS 드론에 자율 소프트웨어 통합",2026-05-19T18:36:46.062491+00:00,weapons,P2,wire,1,articles/2026-05/20260519-87d141/
20260519-b4df3d,"미군, 무장드론 100대 탑재 컨테이너식 발사체계 'BlitzBox' 추진",2026-05-19T18:37:31.222754+00:00,weapons,P2,wire,1,articles/2026-05/20260519-b4df3d/
20260519-1e97f7,"우크라이나, 6월 전선 활동 강화·장거리 타격 확대",2026-05-19T18:38:09.922787+00:00,operations,P2,wire,1,articles/2026-05/20260519-1e97f7/
20260519-d18811,"미국, 전장 우위 확보 위해 배터리 전략 수립 필요",2026-05-19T18:38:41.225091+00:00,defense_policy,P3,wire,1,articles/2026-05/20260519-d18811/
20260519-a1b004,"미군 JIATF-401, 동맹국 대드론 능력 공유 마켓플레이스 확대",2026-05-19T18:40:00.790977+00:00,operations,P2,wire,1,articles/2026-05/20260519-a1b004/
20260519-783e75,"미군 MQ-25 스팅레이, 배치 승인 획득",2026-05-19T18:41:05.920086+00:00,weapons,P2,wire,1,articles/2026-05/20260519-783e75/
20260519-8eed5c,이란 전쟁으로 균열 가는 미국-유럽 전략동맹,2026-05-19T19:10:26.179954+00:00,geopolitics,P3,wire,1,articles/2026-05/20260519-8eed5c/
20260519-4b0f11,"미군 MQ-25 스팅레이, 실전배치 승인",2026-05-19T19:11:37.875147+00:00,weapons,P2,wire,1,articles/2026-05/20260519-4b0f11/
20260519-c49532,"우크라이나 총사령관 ""러시아 전투손실 우크라이나의 3.5배""",2026-05-19T19:12:20.686532+00:00,operations,P3,wire,1,articles/2026-05/20260519-c49532/
20260519-9bf50b,"미 공군, 특수작전용 경공격기 스카이레이더 II 도입 추진",2026-05-19T20:11:13.326421+00:00,weapons,P2,wire,1,articles/2026-05/20260519-9bf50b/
20260519-6f5dc1,"우크라이나 지상로봇, 러시아군 공격 6주간 방어",2026-05-19T20:12:06.461158+00:00,operations,P2,wire,1,articles/2026-05/20260519-6f5dc1/
20260519-138306,"트럼프 행정부, 이란 추가 공격 검토 중",2026-05-19T20:12:42.21581+00:00,geopolitics,P2,wire,1,articles/2026-05/20260519-138306/
20260519-34bbf3,"미 해군 MQ-25 스팅레이, 저율 초기생산 단계 진입 승인",2026-05-19T20:13:24.359987+00:00,weapons,P2,wire,1,articles/2026-05/20260519-34bbf3/
20260519-f466dd,"우크라이나, UN 안보리서 러시아-벨라루스 군사훈련 주시 촉구",2026-05-19T20:14:02.111297+00:00,geopolitics,P3,wire,1,articles/2026-05/20260519-f466dd/
20260519-0f6c1c,"마이크로소프트 셀프서비스 비밀번호 재설정 기능, Azure 데이터 탈취 공격에 악용",2026-05-19T20:14:41.097602+00:00,threats,P2,wire,1,articles/2026-05/20260519-0f6c1c/
20260519-70e2e2,"처칠 총리의 '사냥꾼 부대' 구상, 영국 특수전 창설의 기원",2026-05-19T20:15:13.54643+00:00,history,P3,wire,1,articles/2026-05/20260519-70e2e2/
20260519-5c76a5,"미 공군특수작전사령부, 신형 순항미사일 '해복 스피어' 공개",2026-05-19T20:15:45.768168+00:00,weapons,P2,wire,1,articles/2026-05/20260519-5c76a5/
20260519-42ef4f,"미 북부사령부, 북극 지역 조율 강화 위해 '노르딕 브릿지' 구성",2026-05-19T21:12:24.535585+00:00,operations,P3,wire,1,articles/2026-05/20260519-42ef4f/
20260519-46e7a6,러시아 2인승 Su-57D 페론 전투기 첫 비행 실시,2026-05-19T21:13:08.888806+00:00,weapons,P3,wire,1,articles/2026-05/20260519-46e7a6/
20260519-426925,드론 위협으로 대규모 군사기지 축소 추세 예상,2026-05-19T21:14:24.098883+00:00,doctrine,P3,wire,1,articles/2026-05/20260519-426925/
20260519-02ad49,미군 보병 전술 베트남전 이후 최대 변화…드론·네트워킹 중심,2026-05-19T21:14:58.304876+00:00,weapons,P2,wire,1,articles/2026-05/20260519-02ad49/
20260519-382765,"우크라이나 전선 189건 교전, 포크롭스크 지역 최격전지",2026-05-19T21:15:35.301002+00:00,operations,P3,wire,1,articles/2026-05/20260519-382765/
20260519-f8d1f5,"우크라이나군, 적극적 방어 전략 추진…주요 전선 집중 공략",2026-05-19T21:16:08.052022+00:00,operations,P3,wire,1,articles/2026-05/20260519-f8d1f5/
20260519-f5c155,"미 사이버보안청, 깃허브 저장소에서 기밀정보·인증정보 노출",2026-05-19T21:16:39.02837+00:00,threats,P2,wire,1,articles/2026-05/20260519-f5c155/
20260519-5d0d7c,"우크라이나 전쟁 경험, 유럽 대러 방위 현대화에 교훈 제시",2026-05-19T21:17:15.441046+00:00,geopolitics,P3,wire,1,articles/2026-05/20260519-5d0d7c/
20260519-8a2a1c,"AI 활용 해커, 제로데이 취약점 발견…스파이웨어 업계 주목",2026-05-19T21:17:52.273695+00:00,tech,P2,wire,1,articles/2026-05/20260519-8a2a1c/
20260519-d0e288,"미 공군, T-38 탈론 전 기종 비행 운영 중단…추락 사고 조사",2026-05-19T21:33:58.279708+00:00,operations,P2,wire,1,articles/2026-05/20260519-d0e288/
20260519-3f1eca,"우크라이나, 러시아와의 드론전에서 우위 확보",2026-05-19T21:34:40.014508+00:00,operations,P3,wire,1,articles/2026-05/20260519-3f1eca/
20260519-5c6a30,미 육군 변혁 정책 1년 만에 논란…헤그세스 국방장관 기존 시스템 폐기 방침 재검토,2026-05-19T22:10:53.994217+00:00,defense_policy,P3,wire,1,articles/2026-05/20260519-5c6a30/
20260519-c5c6e0,"미 육군 특수전사령부, 과도한 배치로 전문성 약화 지적",2026-05-19T22:11:46.318798+00:00,doctrine,P2,wire,1,articles/2026-05/20260519-c5c6e0/
20260519-7a7265,"트럼프, 이란 추가 공격 검토 중…CENTCOM 사령관 '광범위 대응 준비'",2026-05-19T22:12:29.814332+00:00,geopolitics,P2,wire,1,articles/2026-05/20260519-7a7265/
20260519-b26609,"베레타 디펜스 테크놀로지 UK, 런던 증명소와 독점 파트너십 체결",2026-05-19T22:13:02.224801+00:00,weapons,P3,wire,1,articles/2026-05/20260519-b26609/
20260519-183d8c,"마이크로소프트, 악성코드 서명 서비스 악용 사이버범죄 조직 차단",2026-05-19T22:13:31.951586+00:00,threats,P2,wire,1,articles/2026-05/20260519-183d8c/
20260519-9105b1,"NATO 전략 중심축, 동유럽으로 이동",2026-05-19T22:14:04.898419+00:00,geopolitics,P3,wire,1,articles/2026-05/20260519-9105b1/
20260520-fb760b,"트럼프 행정부, NATO 위기 대응용 미군 전력 축소 추진",2026-05-20T01:20:07.507266+00:00,alliance,P2,wire,1,articles/2026-05/20260520-fb760b/
20260520-6770ff,"AC-130J 건쉽, 소형 순항미사일·AESA 레이더 통합 시연 추진",2026-05-20T01:20:54.193935+00:00,weapons,P2,wire,1,articles/2026-05/20260520-6770ff/
20260520-343412,"CENTCOM 사령관, 지하 목표물 타격 신기술 필요성 강조",2026-05-20T01:21:30.384036+00:00,weapons,P3,wire,1,articles/2026-05/20260520-343412/
20260520-3c5798,"미 공군특수작전사령부, 신형 순항미사일 '하복 스피어' 공식 명명",2026-05-20T01:22:09.147869+00:00,weapons,P2,wire,1,articles/2026-05/20260520-3c5798/
20260520-58c176,"AimLock·FN America, 소형 무인기 대응 원격무장시스템 'Dune' 공개",2026-05-20T01:22:42.795511+00:00,weapons,P2,wire,1,articles/2026-05/20260520-58c176/
20260520-bd37b6,"미 공군, 2026년 재입대 보너스 지급 대상 직렬 89개에서 24개로 축소",2026-05-20T01:23:27.876741+00:00,defense_policy,P3,wire,1,articles/2026-05/20260520-bd37b6/
20260520-19cf70,"러시아, 5월 19~21일 핵전력 훈련 실시 발표",2026-05-20T01:23:57.199061+00:00,threats,P1,wire,1,articles/2026-05/20260520-19cf70/
20260520-e93b69,"이란, 분쟁 재개 시 '추가 기습' 경고…트럼프와 긴장 고조",2026-05-20T01:24:29.685717+00:00,geopolitics,P2,wire,1,articles/2026-05/20260520-e93b69/
20260520-ccaed6,"미 해군, MQ-25A 무인급유기 저율생산 승인",2026-05-20T03:34:21.3026+00:00,weapons,P2,wire,1,articles/2026-05/20260520-ccaed6/
20260520-287664,"북한군, 모스크바 붉은광장 첫 행진…러시아와 군사협력 확대",2026-05-20T03:35:51.637762+00:00,geopolitics,P2,wire,1,articles/2026-05/20260520-287664/
20260520-121bce,"미국-나이지리아 연합작전, ISIS 전투원 175명 격살",2026-05-20T05:49:09.282362+00:00,operations,P3,wire,1,articles/2026-05/20260520-121bce/
20260520-d3984c,"미국은 AI 전장 지휘 추진, 한국 국방 AX는 초기 단계",2026-05-20T06:34:08.308591+00:00,opinion,P2,wire,1,articles/2026-05/20260520-d3984c/
20260520-a168d7,"국방 클라우드 제약으로 한국, AI 무기 경쟁에서 뒤처질 우려",2026-05-20T06:35:01.971389+00:00,defense_policy,P2,wire,1,articles/2026-05/20260520-a168d7/
20260520-652769,민간 범죄부터 불규칙전까지…'인지 영역' 전략 경쟁 심화,2026-05-20T06:35:49.930179+00:00,doctrine,P3,wire,1,articles/2026-05/20260520-652769/
20260520-d30eb3,"우크라이나-러시아 전선서 하루 250건 교전, 포크롭스크 방향 43건",2026-05-20T06:36:32.039385+00:00,operations,P2,wire,1,articles/2026-05/20260520-d30eb3/
20260520-b5780f,호주 콜린스급 잠수함 수명연장 사업 축소…일본 잠수함 도입 검토 강화,2026-05-20T06:37:08.291395+00:00,weapons,P3,wire,1,articles/2026-05/20260520-b5780f/
20260520-bb317e,한·인도 방산혁신 플랫폼 논의…AI·무인항공기 협력 가속화,2026-05-20T09:37:05.288872+00:00,alliance,P3,wire,1,articles/2026-05/20260520-bb317e/
20260520-1cc593,"해군특전단, 국제특수작전회의서 우방국과 연합작전 협력 강화",2026-05-20T09:38:03.051906+00:00,operations,P3,wire,1,articles/2026-05/20260520-1cc593/
20260520-e80d88,"레드와이어, NATO 동맹국과 펭귄 Mk3 무인항공기 계약 체결",2026-05-20T09:39:00.113297+00:00,weapons,P2,wire,1,articles/2026-05/20260520-e80d88/
20260520-5bb060,"러시아, 벨라루스 발사기지 포함 핵훈련 단행",2026-05-20T09:39:37.912373+00:00,operations,P2,wire,1,articles/2026-05/20260520-5bb060/
20260520-1dfbe6,"미 해군, 인도태평양 억제력 유지 위해 함정 건조 전략 전환 필요",2026-05-20T09:40:18.164737+00:00,defense_policy,P3,wire,1,articles/2026-05/20260520-1dfbe6/
20260520-a0c3cd,중국의 데이터 중심 첩보전략 드러낸 '솔트 타이푼',2026-05-20T09:41:00.654325+00:00,threats,P2,wire,1,articles/2026-05/20260520-a0c3cd/
20260520-dd8f1b,"미군 육군의 사단 중심 작전 전환, 효과성 의문 제기",2026-05-20T09:41:41.607486+00:00,doctrine,P3,wire,1,articles/2026-05/20260520-dd8f1b/
20260520-95f61b,"푸틴, 휴전 언급하며 '외교 시뮬레이션' 펼치나…전문가 ""시간 벌기 전술""",2026-05-20T09:43:04.978194+00:00,geopolitics,P3,wire,1,articles/2026-05/20260520-95f61b/
20260520-e732ad,"미 해병대, 후지 캠프서 HIMARS 실사격훈련 실시",2026-05-20T09:43:41.23339+00:00,operations,P3,wire,1,articles/2026-05/20260520-e732ad/
20260520-0cb037,"공군, 서해서 공대지 정밀타격 실사격 훈련",2026-05-20T11:19:51.519097+00:00,operations,P2,wire,1,articles/2026-05/20260520-0cb037/
20260520-d39c43,"안두릴, 보병용 엣지 컴퓨팅 장비 '보이저 게이트웨이 1' 공개",2026-05-20T11:20:37.123092+00:00,weapons,P2,wire,1,articles/2026-05/20260520-d39c43/
20260520-f826bb,"NATO 사무총장, 러시아 핵무기 사용 시 '파괴적' 대응 경고",2026-05-20T11:21:06.414951+00:00,threats,P2,wire,1,articles/2026-05/20260520-f826bb/
20260520-c82ab3,"러시아 드론 공격으로 우크라이나 코노톱 11명 부상, 1명 사망",2026-05-20T11:21:37.79762+00:00,threats,P2,wire,1,articles/2026-05/20260520-c82ab3/
20260520-badfca,"스웨덴, 42.5억 달러 규모 호위함 사업에 프랑스 선정",2026-05-20T13:56:00.199396+00:00,weapons,P2,wire,1,articles/2026-05/20260520-badfca/
20260520-436f82,"노스럽그루먼, F-16용 SABR 레이더 1,000대 납품 달성",2026-05-20T13:56:42.588183+00:00,weapons,P3,wire,1,articles/2026-05/20260520-436f82/
20260520-a33ad4,"호주, 콜린스급 잠수함 수명연장 사업 착수…78억 달러 투입",2026-05-20T13:57:18.192728+00:00,weapons,P2,wire,1,articles/2026-05/20260520-a33ad4/
20260520-fc9486,"DARPA 우주 로봇 서비싱 위성, 올여름 첫 비행",2026-05-20T13:58:00.482917+00:00,weapons,P3,wire,1,articles/2026-05/20260520-fc9486/
20260520-8ed418,"미 특수작전사령부, 고속탄 호환 소총 상용제안 요청",2026-05-20T13:58:43.875963+00:00,weapons,P2,wire,1,articles/2026-05/20260520-8ed418/
20260520-54f7a9,"젤렌스키, 러시아의 북부 우크라이나 공세 5가지 시나리오 확인",2026-05-20T13:59:23.98011+00:00,operations,P2,wire,1,articles/2026-05/20260520-54f7a9/
20260520-b2f17a,정보 수집 아닌 '우선순위 결정'이 AI 시대 핵심…정보 사이클 재설계 필요,2026-05-20T14:00:00.713011+00:00,opinion,P3,wire,1,articles/2026-05/20260520-b2f17a/
20260520-6eca50,"미국 국방전략, 강력한 동맹국 필요성 강조",2026-05-20T14:26:17.9218+00:00,defense_policy,P3,wire,1,articles/2026-05/20260520-6eca50/
20260520-ffc3ad,제2차 세계대전 특수전 격투술의 발전,2026-05-20T14:27:04.38866+00:00,history,P4,wire,1,articles/2026-05/20260520-ffc3ad/
20260520-63eb90,"미 공군특수작전사령부, OA-1K 스카이레이더 II 신속배치 능력 공개",2026-05-20T14:27:40.002726+00:00,weapons,P2,wire,1,articles/2026-05/20260520-63eb90/
20260520-8a98d4,"우크라이나 정보기관, 러시아의 대우크라이나 미디어 캠페인 강화 계획 입수",2026-05-20T14:28:14.609367+00:00,geopolitics,P3,wire,1,articles/2026-05/20260520-8a98d4/
20260520-dfd6c7,미국 핵우산 약화 속 유럽 독자 핵억제력 추진,2026-05-20T14:28:51.98111+00:00,geopolitics,P3,wire,1,articles/2026-05/20260520-dfd6c7/
20260520-77fe85,"버라이즌, 북한 위장 IT 노동자의 글로벌 기업 침투 경고...가상화폐 20억 달러 탈취",2026-05-20T15:25:41.826484+00:00,threats,P2,wire,1,articles/2026-05/20260520-77fe85/
20260520-730a95,"미국, 이란 작전서 항공기 손실 의회 보고",2026-05-20T15:26:35.935615+00:00,operations,P1,wire,1,articles/2026-05/20260520-730a95/
20260520-252651,"미 특수전사령부 사령관, 마두로 작전이 '새로운 기준' 설정했다고 평가",2026-05-20T15:34:33.467713+00:00,operations,P2,wire,1,articles/2026-05/20260520-252651/
20260520-14ef9b,"리투아니아 영공 침범 드론, 빌니우스 항공 운항 중단",2026-05-20T16:25:55.740379+00:00,threats,P2,wire,1,articles/2026-05/20260520-14ef9b/
20260520-041fd1,"한국 공군, 북한 대화 정책 논란 속 황해상 실탄훈련 실시",2026-05-20T16:26:36.891045+00:00,operations,P2,wire,1,articles/2026-05/20260520-041fd1/
20260520-097e1a,"PROOF, 배럴 수명 2배 연장하는 신기술 'PXT' 공개",2026-05-20T16:27:16.10595+00:00,weapons,P2,wire,1,articles/2026-05/20260520-097e1a/
20260520-3572e6,"우크라이나 전선, 하루 38건 교전 발생",2026-05-20T16:27:47.87191+00:00,operations,P2,wire,1,articles/2026-05/20260520-3572e6/
20260520-f65bd6,"우크라이나 방공, 러시아 드론 84기 중 75기 격추",2026-05-20T16:28:22.446739+00:00,operations,P2,wire,1,articles/2026-05/20260520-f65bd6/
20260520-d7b145,"이스라엘, 남부 레바논 공습으로 최소 8명 사망",2026-05-20T16:29:04.919326+00:00,operations,P2,wire,1,articles/2026-05/20260520-d7b145/
20260520-452b3e,"노스럽그루먼, SOF Week서 AiON 대드론 시스템 공개",2026-05-20T18:35:15.571053+00:00,weapons,P2,wire,1,articles/2026-05/20260520-452b3e/
20260520-47a977,"레오나르도, 신형 수동형 전장 신호정보 체계 공개",2026-05-20T18:36:08.225726+00:00,weapons,P3,wire,1,articles/2026-05/20260520-47a977/
20260520-4769e5,"미 특수전사령부, C-146 울프하운드 수송기 후속 기종 물색 중",2026-05-20T18:36:41.34852+00:00,weapons,P2,wire,1,articles/2026-05/20260520-4769e5/
20260520-85f3b6,"미 해군, MQ-25 스팅레이 무인급유기 양산 승인",2026-05-20T18:37:20.877462+00:00,weapons,P2,wire,1,articles/2026-05/20260520-85f3b6/
20260520-153213,"안두릴, 전투 병사용 HUD 헤드셋 '이글아이' 공개",2026-05-20T18:37:59.903255+00:00,weapons,P2,wire,1,articles/2026-05/20260520-153213/
20260520-59ddc2,"일본 최대 전함 가가함, 미 해병대 F-35B 훈련 준비",2026-05-20T18:38:34.058814+00:00,operations,P2,wire,1,articles/2026-05/20260520-59ddc2/
20260520-a1da86,"젤렌스키 ""러시아, 벨라루스·브랸스크 방향 추가 공격 검토 중""",2026-05-20T18:39:17.036658+00:00,threats,P2,wire,1,articles/2026-05/20260520-a1da86/
20260520-aaebcf,"미 해병대, 호르무즈 해협 봉쇄 중 이란 국적 유조선 나포·방향 전환",2026-05-20T19:54:51.89514+00:00,operations,P2,wire,1,articles/2026-05/20260520-aaebcf/
20260520-98c3d8,북한-러시아 군사협력 심화 억제 전략 재검토,2026-05-20T19:55:36.683043+00:00,geopolitics,P3,wire,1,articles/2026-05/20260520-98c3d8/
20260520-309454,"미군, 6륜 경량 차량 MRZR Alpha로 전술 수송 혁신",2026-05-20T19:56:12.86194+00:00,weapons,P3,wire,1,articles/2026-05/20260520-309454/
20260520-666d28,"한미 전작권 이양, '어떻게'가 핵심…연합방위 효율성 강화 방안 논의",2026-05-20T19:56:45.663199+00:00,alliance,P2,wire,1,articles/2026-05/20260520-666d28/
20260520-524229,"미국, 필리핀 팔라완 해안경비대 정비시설·연료저장소 건설 추진",2026-05-20T19:57:23.691413+00:00,alliance,P2,wire,1,articles/2026-05/20260520-524229/
20260520-4183f7,"러시아군, 우크라이나 추후이우 지역 드론 공격으로 민간인 부상·인프라 피해",2026-05-20T19:57:59.356923+00:00,operations,P2,wire,1,articles/2026-05/20260520-4183f7/
20260520-a28c4b,"미 해군, 네이비 씰과 수중무인정 협력 운용 추진",2026-05-20T21:33:36.125085+00:00,operations,P2,wire,1,articles/2026-05/20260520-a28c4b/
20260520-570cb6,"일본 NEC, 궤도간 수송체 개발 추진…우주전 활용 가능성",2026-05-20T21:34:34.159101+00:00,tech,P2,wire,1,articles/2026-05/20260520-570cb6/
20260520-e9c3d6,SonicWall VPN 불완전한 패치로 MFA 우회 공격 발생,2026-05-20T21:35:06.357929+00:00,threats,P2,wire,1,articles/2026-05/20260520-e9c3d6/
20260521-28a132,"국방부, 주한미군의 '2029년 초 전작권 전환' 주장에 ""합의 없다"" 반박",2026-05-21T01:49:23.047942+00:00,alliance,P2,wire,1,articles/2026-05/20260521-28a132/
20260521-a502f7,"미 공군, A-10 전투수색구조 역할을 F-35·F-15로 대체 검토",2026-05-21T01:50:06.494421+00:00,weapons,P3,wire,1,articles/2026-05/20260521-a502f7/
20260521-8d7964,"미 2기병연대, 폴란드 훈련서 Group 3 무인항공기 시험",2026-05-21T01:50:43.156238+00:00,operations,P2,wire,1,articles/2026-05/20260521-8d7964/
20260521-8512ec,"영국 국방부, 스펙트라 그룹의 GENSS 전술통신체계 도입",2026-05-21T01:51:17.075363+00:00,weapons,P2,wire,1,articles/2026-05/20260521-8512ec/
20260521-17e466,"미 공군, 2027년 E-7A 웨지테일 운영비 15억 달러 추가 예산 요청",2026-05-21T01:51:50.93298+00:00,weapons,P2,wire,1,articles/2026-05/20260521-17e466/
20260521-937034,"러시아, 발트해 지역 드론 침입으로 NATO 도발 강화",2026-05-21T01:52:30.974316+00:00,threats,P2,wire,1,articles/2026-05/20260521-937034/
20260521-d9f73e,"국방부·주한미군, 전작권 전환 시점 놓고 입장 차",2026-05-21T03:35:15.243917+00:00,alliance,P3,wire,1,articles/2026-05/20260521-d9f73e/
20260521-cf8027,"푸틴·시진핑, 베이징 정상회담서 북한에 대한 '외부 압력' 거부",2026-05-21T03:36:12.448895+00:00,geopolitics,P2,wire,1,articles/2026-05/20260521-cf8027/
20260521-11754f,"미 공군참모총장 ""MQ-9 리퍼, 이란전 최고 성과 무인기""",2026-05-21T03:37:23.206693+00:00,weapons,P3,wire,1,articles/2026-05/20260521-11754f/
20260521-0843e1,"미 우주군, 대형발사체 발사장 3번째 시설 필요 권고",2026-05-21T03:38:12.141923+00:00,defense_policy,P3,wire,1,articles/2026-05/20260521-0843e1/
20260521-959d91,"인도-파키스탄 휴전 1년 유지, 긴장 지속",2026-05-21T03:39:11.61664+00:00,geopolitics,P2,wire,1,articles/2026-05/20260521-959d91/
20260521-89ee77,"우크라이나, 장거리 드론 공격으로 러시아 군사시설에 255억 달러 손상 입혀",2026-05-21T03:39:59.138857+00:00,operations,P2,wire,1,articles/2026-05/20260521-89ee77/
20260521-8b05df,북한 헌법 개정 의미 분석…란코프 교수 인터뷰,2026-05-21T06:33:41.792036+00:00,geopolitics,P3,wire,1,articles/2026-05/20260521-8b05df/
20260521-0967d0,"미군, 기계 속도 작전 적응 필요성 제기…인간 감시 한계 지적",2026-05-21T06:34:41.834085+00:00,doctrine,P3,wire,1,articles/2026-05/20260521-0967d0/
20260521-464ad5,"미 해군, 볼린저 조선소에 나바호급 구조함 건조 계약 95백만 달러 추가 발주",2026-05-21T08:18:57.132108+00:00,weapons,P3,wire,1,articles/2026-05/20260521-464ad5/
20260521-c10cef,"이스라엘, 미국 휴전 와중 이란과의 재전쟁 검토 중",2026-05-21T08:19:34.783963+00:00,geopolitics,P2,wire,1,articles/2026-05/20260521-c10cef/
20260521-fa8c57,"국방부, 민간 로봇·AI 기술 군 적용 추진…'첨단국방 피치데이' 개최",2026-05-21T09:34:43.863389+00:00,defense_policy,P3,wire,1,articles/2026-05/20260521-fa8c57/
20260521-d42e14,"도산안창호함, 캐나다 해군과 첫 연합통신 성공",2026-05-21T09:35:35.270809+00:00,operations,P2,wire,1,articles/2026-05/20260521-d42e14/
20260521-2390c5,"우크라이나군, 벨리키부를룩 인근 러군을 국경으로 격퇴",2026-05-21T09:36:46.851211+00:00,operations,P2,wire,1,articles/2026-05/20260521-2390c5/
20260521-ead9db,"이란 전쟁 영향, 4단계 위기로 세계 타격",2026-05-21T09:37:43.450937+00:00,geopolitics,P2,wire,1,articles/2026-05/20260521-ead9db/
20260521-ab8363,"한미, 폭발물 처리 훈련으로 상호운용력 강화",2026-05-21T12:36:38.05666+00:00,operations,P3,wire,1,articles/2026-05/20260521-ab8363/
20260521-9b5e4a,"미 해병대, UH-1Y 헬기를 드론 중계 지휘소로 운용",2026-05-21T12:37:30.167762+00:00,operations,P2,wire,1,articles/2026-05/20260521-9b5e4a/
20260521-324a2d,"대만 마쓰섬 연결 해저케이블 또 끊어져, 중국 선박 활동 의심",2026-05-21T12:38:06.004023+00:00,geopolitics,P2,wire,1,articles/2026-05/20260521-324a2d/
20260521-db5df1,"우크라이나, 저비용 무기체계로 전술급 화력·전자전·방공 분산화 추진",2026-05-21T12:38:50.336121+00:00,operations,P2,wire,1,articles/2026-05/20260521-db5df1/
20260521-225d8f,"PROOF Research, 신형 소총 총열 기술 'PXT' 공개",2026-05-21T12:39:25.581976+00:00,weapons,P3,wire,1,articles/2026-05/20260521-225d8f/
20260521-6ecd26,"러시아군, 헤르손주 빌로제르카 아파트 건물에 유도폭탄 투하",2026-05-21T12:39:51.979574+00:00,operations,P3,wire,1,articles/2026-05/20260521-6ecd26/
20260521-b65b12,"우크라이나군, 비대칭전 전략으로 전환 중",2026-05-21T12:40:25.135836+00:00,operations,P3,wire,1,articles/2026-05/20260521-b65b12/
20260521-2f519a,"이란 해킹 세력, 미국 인프라 겨냥한 사이버 공격 전개",2026-05-21T12:41:02.158355+00:00,threats,P2,wire,1,articles/2026-05/20260521-2f519a/
20260521-33d010,"시진핑-푸틴, AI·사이버·위성 기술 협력 강화 합의",2026-05-21T12:41:55.813151+00:00,geopolitics,P2,wire,1,articles/2026-05/20260521-33d010/
20260521-998493,"터키, 함정 격침용 일회용 해상드론 100대 도입",2026-05-21T12:45:40.424075+00:00,weapons,P2,wire,1,articles/2026-05/20260521-998493/
20260521-28f79a,"미 해군 MQ-25 스팅레이, 저율 초기생산 단계 진입 승인",2026-05-21T12:46:28.907117+00:00,weapons,P2,wire,1,articles/2026-05/20260521-28f79a/
20260521-9866e7,"우크라이나, 점령지 헤르손 지역 러시아 FSB 본부 타격 확인",2026-05-21T12:47:07.638335+00:00,operations,P2,wire,1,articles/2026-05/20260521-9866e7/
20260521-afc4b4,"미 유럽사령부, '아케인 썬더' 훈련서 다영역작전 경계 확장",2026-05-21T12:48:37.054763+00:00,operations,P2,wire,1,articles/2026-05/20260521-afc4b4/
20260521-1794a0,"Defense One, 하이브리드 드론·상륙함·이동식 데이터센터 등 방위산업 동향 보도",2026-05-21T13:44:32.770059+00:00,weapons,P3,wire,1,articles/2026-05/20260521-1794a0/
20260521-5cd5a1,"레드캣, 콰즈 테크놀로지스 인수 완료…무선전력 기술 확보",2026-05-21T13:45:26.742112+00:00,industry,P2,wire,1,articles/2026-05/20260521-5cd5a1/
20260521-80607f,"유럽, 랜섬웨어 공격자들이 사용한 VPN 서비스 적발·해제",2026-05-21T13:46:26.844102+00:00,threats,P3,wire,1,articles/2026-05/20260521-80607f/
20260521-9b436c,"중국 APT, 통신사 겨냥 신형 리눅스·윈도우 악성코드 운용",2026-05-21T15:15:13.918552+00:00,threats,P2,original,2,articles/2026-05/20260521-9b436c/
20260521-cadb08,"영국 해군, 2025년 국방전략검토에 따라 유인·무인 혼합함대 추진",2026-05-21T15:15:58.567416+00:00,weapons,P3,wire,1,articles/2026-05/20260521-cadb08/
20260521-de3785,"이란, 호르무즈 해협 통제권 주장 지도 공개",2026-05-21T15:16:30.149519+00:00,geopolitics,P2,wire,1,articles/2026-05/20260521-de3785/
20260521-8d1bde,"GPS 유도 박격포 시스템, 사격 지령 자동화 추진",2026-05-21T15:17:12.592867+00:00,weapons,P3,wire,1,articles/2026-05/20260521-8d1bde/
20260521-995836,"이란, '모자이크 방어' 분산 지휘체계 실전 배치…이스라엘 공습 후 운용",2026-05-21T15:17:46.97007+00:00,doctrine,P2,wire,1,articles/2026-05/20260521-995836/
20260521-6bfe5d,"우크라이나, 러시아군 76건 공격 격퇴...포크롭스크 축선 압박 심화",2026-05-21T15:18:42.881158+00:00,operations,P2,wire,1,articles/2026-05/20260521-6bfe5d/
20260521-33bf9f,"미국, 이라크 내 이란 민병대 압박 지속 필요",2026-05-21T15:19:17.684526+00:00,geopolitics,P3,wire,1,articles/2026-05/20260521-33bf9f/
20260521-5befb2,"네덜란드, F-35용 JASSM 미사일 추가 도입 검토…대잠함정 인수 지연 공개",2026-05-21T15:33:54.028787+00:00,weapons,P3,wire,1,articles/2026-05/20260521-5befb2/
20260521-76d9d8,GPS 없이 드론 항법 가능한 기술 개발,2026-05-21T15:34:50.305161+00:00,tech,P2,wire,1,articles/2026-05/20260521-76d9d8/
20260521-0e3b81,"북한 헌법 개정, 남북 적대적 공존 체제 전환 신호",2026-05-21T15:35:29.16498+00:00,geopolitics,P3,wire,1,articles/2026-05/20260521-0e3b81/
20260521-2b3f77,"우크라이나, 샤헤드 드론 요격용 저가 미사일 개발 중 가을 양산 계획",2026-05-21T15:36:10.822034+00:00,weapons,P2,wire,1,articles/2026-05/20260521-2b3f77/
20260521-bf4d4b,"중국 APT, 중앙아시아 통신사 대상 리눅스 백도어 공격",2026-05-21T15:36:55.565135+00:00,threats,P2,wire,1,articles/2026-05/20260521-bf4d4b/
20260521-8a9e9d,"미 육군, 인도태평양 장거리정밀타격 능력 강화 추진",2026-05-21T16:45:03.046629+00:00,doctrine,P3,wire,1,articles/2026-05/20260521-8a9e9d/
20260521-9ec770,"젤렌스키 ""루카셴코, 우크라이나 침략 위협에 경계 유지해야""",2026-05-21T16:45:44.652109+00:00,geopolitics,P3,wire,1,articles/2026-05/20260521-9ec770/
20260521-763d93,"우크라이나, 드론 작전 실시간 관리 '미션 컨트롤' 시스템 운영",2026-05-21T16:46:14.836859+00:00,operations,P2,wire,1,articles/2026-05/20260521-763d93/
20260521-f5efc6,"푸틴·루카셴코, 러시아-벨라루스 핵훈련 감시",2026-05-21T16:46:47.807775+00:00,operations,P2,wire,1,articles/2026-05/20260521-f5efc6/
20260521-3830f5,"스웨덴·덴마크, 러시아 석유 수송로 통제 전략적 지위 확보",2026-05-21T16:47:20.07049+00:00,geopolitics,P2,wire,1,articles/2026-05/20260521-3830f5/
20260521-2f87a2,"미 해병대 레이더스, 케냐 해병 특전대와 연합훈련",2026-05-21T16:47:52.142521+00:00,operations,P3,wire,1,articles/2026-05/20260521-2f87a2/
20260521-5bdcc2,"북한 연계 해킹조직, 중국 카드게임 앱 악성코드로 탈북자 추적",2026-05-21T18:34:18.734933+00:00,threats,P2,wire,1,articles/2026-05/20260521-5bdcc2/
20260521-a2c4cf,"미 공군, 이란 작전서 MQ-9 리퍼 드론을 '핵심전력'으로 평가",2026-05-21T18:35:03.94389+00:00,operations,P3,wire,1,articles/2026-05/20260521-a2c4cf/
20260521-bf0dd4,"미군 LUCAS 자살드론, 집단지능 무리짓기 능력 확보",2026-05-21T18:35:39.121211+00:00,weapons,P2,wire,1,articles/2026-05/20260521-bf0dd4/
20260521-50cc0a,"미군 MH-60M 블랙호크 엔진 개량 계획 추진, 성능 향상 기대",2026-05-21T18:36:22.069353+00:00,weapons,P2,wire,1,articles/2026-05/20260521-50cc0a/
20260521-1c4f7b,NATO 잠수함 훈련 근처서 러시아 정찰함 포착,2026-05-21T18:36:55.804409+00:00,operations,P2,wire,1,articles/2026-05/20260521-1c4f7b/
20260521-67fc5f,"미국 이란 상공 항공기 손실, 대중국 전쟁 시 공중전력 지속성 우려",2026-05-21T18:37:33.222867+00:00,threats,P2,wire,1,articles/2026-05/20260521-67fc5f/
20260521-197ecd,"폴란드, 미 국방부 드론 대응 시장 참여…미군 배치 취소 속",2026-05-21T21:35:46.895381+00:00,alliance,P3,wire,1,articles/2026-05/20260521-197ecd/
20260521-23c6c2,"미 싱크탱크 ""달 착륙 필수, 중국 우주 위협 대응""",2026-05-21T21:36:34.995923+00:00,geopolitics,P3,wire,1,articles/2026-05/20260521-23c6c2/
20260521-37d3b4,"미 국방부, 작년 발표 육군 항공전력 감축 복구 검토",2026-05-21T21:37:28.325075+00:00,defense_policy,P3,wire,1,articles/2026-05/20260521-37d3b4/
20260521-876671,"미 특수전사령부, MH-47 치누크 공중급유 능력 도입 추진",2026-05-21T21:38:10.244626+00:00,weapons,P2,wire,1,articles/2026-05/20260521-876671/
20260521-3fb189,"우크라이나 지상로봇, 러시아군 공격 45일간 방어",2026-05-21T21:38:46.839263+00:00,operations,P2,wire,1,articles/2026-05/20260521-3fb189/
20260521-35ba21,"미 육군, 전투장 체력검정 도입으로 전투병과 병사 평가 기준 강화",2026-05-21T21:39:40.315242+00:00,doctrine,P3,wire,1,articles/2026-05/20260521-35ba21/
20260521-07db83,"러시아, UN 사이버 협상에서 절차적 우위 확보",2026-05-21T21:40:11.996182+00:00,geopolitics,P3,wire,1,articles/2026-05/20260521-07db83/
20260521-9068db,우주를 전쟁터로 인식해야 한다는 주장 제기,2026-05-21T21:40:50.132832+00:00,doctrine,P3,wire,1,articles/2026-05/20260521-9068db/
20260522-4e8061,"트럼프, 폴란드 미군 5,000명 추가 전개 발표",2026-05-22T01:30:37.894522+00:00,alliance,P2,original,3,articles/2026-05/20260522-4e8061/
20260522-8dddab,"SOCOM, 차세대 소총·기관총·탄약 개발 추진",2026-05-22T01:31:27.882815+00:00,weapons,P2,wire,1,articles/2026-05/20260522-8dddab/
20260522-101497,"제너럴 아토믹스, 소프트웨어 수정 후 드론 윙맨 비행 재개",2026-05-22T01:32:10.64519+00:00,weapons,P2,wire,1,articles/2026-05/20260522-101497/
20260522-0ddcb5,"폴란드, 미 국방부 드론 대응 마켓플레이스 참여",2026-05-22T01:32:55.162027+00:00,alliance,P3,wire,1,articles/2026-05/20260522-0ddcb5/
20260522-d74271,"미국·스웨덴·필리핀 특수전 지도자, SOF 동맹 가치 논의",2026-05-22T01:33:41.22231+00:00,operations,P3,wire,1,articles/2026-05/20260522-d74271/
20260522-0a40cb,"스웨덴 사브, 리투아니아에 칼 구스타프 M4 460억 크로나 규모 수주",2026-05-22T01:34:19.223487+00:00,industry,P3,wire,1,articles/2026-05/20260522-0a40cb/
20260522-eb968a,"우크라이나 무인기, 우라간 다연장로켓·톨 방공체계·러시아 레이더 격파",2026-05-22T01:35:12.217429+00:00,operations,P2,wire,1,articles/2026-05/20260522-eb968a/
20260522-07ed5c,IoT 봇넷 '킴울프' 운영자 캐나다서 체포,2026-05-22T01:35:58.878769+00:00,threats,P2,wire,1,articles/2026-05/20260522-07ed5c/
20260522-d755a6,"러시아, 우크라이나 전쟁 인명손실 증가에 외국인 전투원 모집 확대",2026-05-22T01:36:43.922199+00:00,threats,P3,wire,1,articles/2026-05/20260522-d755a6/
20260522-1f7d28,"미국 SOUTHCOM, 마약 카르텔 대상 작전 8개월 운영 중",2026-05-22T03:35:53.515961+00:00,operations,P3,wire,1,articles/2026-05/20260522-1f7d28/
20260522-8794e0,"미 공군, 중국 견제 위해 우주 전력 구축 시급",2026-05-22T03:36:52.726896+00:00,geopolitics,P3,wire,1,articles/2026-05/20260522-8794e0/
20260522-2d1bf4,"우크라이나, 러시아 인지전 대응 연합 주도 필요",2026-05-22T03:37:32.546936+00:00,geopolitics,P3,wire,1,articles/2026-05/20260522-2d1bf4/
20260522-820910,"미국, 인도 대체해 필리핀 중심 대중국 전략 전환",2026-05-22T06:36:21.222036+00:00,geopolitics,P3,wire,1,articles/2026-05/20260522-820910/
20260522-1bf1a9,전략적 경계에서 인공지능 재검토...신진 학자들의 관점,2026-05-22T06:36:57.275847+00:00,tech,P3,wire,1,articles/2026-05/20260522-1bf1a9/
20260522-522f82,"우크라이나, 24시간 253건 전투 교전…포크롭스크 지역 최악",2026-05-22T06:37:40.226193+00:00,operations,P2,wire,1,articles/2026-05/20260522-522f82/
20260522-7227ee,"미국, 우크라이나에 호크 미사일 시스템 장비 1억 800만 달러 규모 판매 승인",2026-05-22T06:38:27.692382+00:00,weapons,P2,wire,1,articles/2026-05/20260522-7227ee/
20260522-e2fda4,"역사학자 웨스타드, 2026년을 1914년에 비유…'신냉전 아님' 주장",2026-05-22T06:39:10.089722+00:00,geopolitics,P3,wire,1,articles/2026-05/20260522-e2fda4/
20260522-de9e01,"NIA, KIDA와 공공·국방 AI 전략 연계 세미나 개최",2026-05-22T09:37:10.987084+00:00,defense_policy,P3,wire,1,articles/2026-05/20260522-de9e01/
20260522-3ca4f6,"러시아 광학부품 제조사 모노크리스탈, 파산 신청 예정",2026-05-22T09:37:57.660387+00:00,industry,P3,wire,1,articles/2026-05/20260522-3ca4f6/
20260522-8978c1,"미 육군, AI 기반 장거리 광학 센서 개발 요청",2026-05-22T09:38:42.587867+00:00,weapons,P2,wire,1,articles/2026-05/20260522-8978c1/
20260522-f1f752,"호주, 콜린스급 잠수함 수명연장사업 공식 착수…10년간 110억 호주달러 투입",2026-05-22T09:40:15.113901+00:00,weapons,P3,wire,1,articles/2026-05/20260522-f1f752/
20260522-e579d0,"우크라이나, 전장 피드백을 혁신으로 전환하는 체계 구축",2026-05-22T09:40:52.70012+00:00,doctrine,P2,wire,1,articles/2026-05/20260522-e579d0/
20260522-4f086d,"미 국방부, 사이버 인력 관리 체계 개선 추진",2026-05-22T09:41:25.636503+00:00,defense_policy,P3,wire,1,articles/2026-05/20260522-4f086d/
20260522-c5690f,"우크라이나, 러시아 야로슬라블 유정 시설 타격 확인",2026-05-22T09:42:09.976917+00:00,operations,P3,wire,1,articles/2026-05/20260522-c5690f/
20260522-42eb54,"미국, 폴란드에 5,000명 병력 배치…유럽 NATO 동맹국 정책 방향성 불명확",2026-05-22T09:42:56.570725+00:00,alliance,P3,wire,1,articles/2026-05/20260522-42eb54/
20260522-c73414,"중국 해킹 조직 '웹웜', Discord·마이크로소프트 그래프 악용해 EU 정부 기관 침투",2026-05-22T09:44:04.455592+00:00,threats,P2,wire,1,articles/2026-05/20260522-c73414/
20260522-9590a2,"영국 공군, 보잉 E-7 웨지테일 최종 시험 착수",2026-05-22T12:03:06.977687+00:00,weapons,P2,wire,1,articles/2026-05/20260522-9590a2/
20260522-1a0649,"한국 원격 무기 체계, 글로벌 시장 진출 추진",2026-05-22T12:03:43.523022+00:00,weapons,P3,wire,1,articles/2026-05/20260522-1a0649/
20260522-40f3c6,"일본, 모가미급 호위함 9번함 '나토리' 취역",2026-05-22T12:04:21.89101+00:00,weapons,P3,wire,1,articles/2026-05/20260522-40f3c6/
20260522-f489f8,"First Spear, 저프로파일 전술 조끼 'SIEGE-R 옵티마이즈드' 공개",2026-05-22T12:05:30.420129+00:00,weapons,P3,wire,1,articles/2026-05/20260522-f489f8/
20260522-3439e1,"미국, 해양력을 국가안보 기반시설로 재정의",2026-05-22T12:05:53.609153+00:00,defense_policy,P3,wire,1,articles/2026-05/20260522-3439e1/
20260522-c19364,"미 해군 씰, 소형 잠수정과 수중 무인정 연계 운용 추진",2026-05-22T12:06:23.612215+00:00,operations,P2,wire,1,articles/2026-05/20260522-c19364/
20260522-611f68,"벨라루스 연계 해킹그룹, 가짜 교육증명서로 우크라이나 관리 표적",2026-05-22T12:07:01.252956+00:00,threats,P2,wire,1,articles/2026-05/20260522-611f68/
